date,count
2020-01-01 00,31.775
2020-01-01 01,51.2375
2020-01-01 02,53.0875
2020-01-01 03,53.6
2020-01-01 04,50.5125
2020-01-01 05,36.5375
2020-01-01 06,24.9125
2020-01-01 07,15.4375
2020-01-01 08,12.3625
2020-01-01 09,14.2
2020-01-01 10,19.6375
2020-01-01 11,28.1125
2020-01-01 12,38.3625
2020-01-01 13,44.025
2020-01-01 14,46.95
2020-01-01 15,50.375
2020-01-01 16,56.3875
2020-01-01 17,55.2625
2020-01-01 18,56.9125
2020-01-01 19,54.675
2020-01-01 20,42.5375
2020-01-01 21,33.9625
2020-01-01 22,26.8
2020-01-01 23,25.9875
2020-01-02 00,19.95
2020-01-02 01,8.3625
2020-01-02 02,8.4625
2020-01-02 03,4.6875
2020-01-02 04,3.95
2020-01-02 05,5.325
2020-01-02 06,15.25
2020-01-02 07,35.7875
2020-01-02 08,68.175
2020-01-02 09,77.825
2020-01-02 10,54.4875
2020-01-02 11,49.8375
2020-01-02 12,14.425
2020-01-02 13,55.6375
2020-01-02 14,61.9
2020-01-02 15,63.775
2020-01-02 16,71.65
2020-01-02 17,90.725
2020-01-02 18,106.625
2020-01-02 19,99.6625
2020-01-02 20,76.8
2020-01-02 21,57.0875
2020-01-02 22,50.1
2020-01-02 23,43.975
2020-01-03 00,32.3375
2020-01-03 01,18.0125
2020-01-03 02,14.0125
2020-01-03 03,7.9125
2020-01-03 04,4.6875
2020-01-03 05,7.1125
2020-01-03 06,16.35
2020-01-03 07,33.175
2020-01-03 08,73.4875
2020-01-03 09,83.6125
2020-01-03 10,61.825
2020-01-03 11,56.9875
2020-01-03 12,71.6
2020-01-03 13,71.8
2020-01-03 14,70.45
2020-01-03 15,71.5125
2020-01-03 16,84.025
2020-01-03 17,101.1
2020-01-03 18,102.1
2020-01-03 19,99.075
2020-01-03 20,89.6875
2020-01-03 21,69.2125
2020-01-03 22,57.95
2020-01-03 23,52.3875
2020-01-04 00,45.4375
2020-01-04 01,33.65
2020-01-04 02,25.375
2020-01-04 03,14
2020-01-04 04,10.05
2020-01-04 05,9.8375
2020-01-04 06,11.175
2020-01-04 07,15
2020-01-04 08,26.25
2020-01-04 09,44.375
2020-01-04 10,63.8875
2020-01-04 11,71.8375
2020-01-04 12,78.7375
2020-01-04 13,78.5375
2020-01-04 14,74.525
2020-01-04 15,79.1625
2020-01-04 16,83.4625
2020-01-04 17,88.325
2020-01-04 18,94.8375
2020-01-04 19,96.9
2020-01-04 20,92.7125
2020-01-04 21,75.075
2020-01-04 22,59.9375
2020-01-04 23,58.4125
2020-01-05 00,54.825
2020-01-05 01,40.1875
2020-01-05 02,29.1375
2020-01-05 03,19.4875
2020-01-05 04,13.4625
2020-01-05 05,10.05
2020-01-05 06,10.925
2020-01-05 07,11.05
2020-01-05 08,17.575
2020-01-05 09,30.825
2020-01-05 10,49.8125
2020-01-05 11,58.8375
2020-01-05 12,69.3375
2020-01-05 13,69.75
2020-01-05 14,69.025
2020-01-05 15,71.075
2020-01-05 16,76.3875
2020-01-05 17,85
2020-01-05 18,86.35
2020-01-05 19,81.8375
2020-01-05 20,66.6375
2020-01-05 21,47.2875
2020-01-05 22,39.6
2020-01-05 23,34.3625
2020-01-06 00,18.3
2020-01-06 01,8.0125
2020-01-06 02,6.5
2020-01-06 03,5.4625
2020-01-06 04,4.4125
2020-01-06 05,8.4375
2020-01-06 06,22.6625
2020-01-06 07,67.5375
2020-01-06 08,93.3875
2020-01-06 09,95.1
2020-01-06 10,67.35
2020-01-06 11,57.9125
2020-01-06 12,69.35
2020-01-06 13,73.925
2020-01-06 14,68.9875
2020-01-06 15,72.2375
2020-01-06 16,83.075
2020-01-06 17,97.1375
2020-01-06 18,102.3625
2020-01-06 19,96.3375
2020-01-06 20,80.3625
2020-01-06 21,54.2625
2020-01-06 22,41.8
2020-01-06 23,30.2625
2020-01-07 00,20.425
2020-01-07 01,9.15
2020-01-07 02,7.0875
2020-01-07 03,3.25
2020-01-07 04,2.625
2020-01-07 05,8.2125
2020-01-07 06,22.45
2020-01-07 07,68.6875
2020-01-07 08,100.125
2020-01-07 09,93.0375
2020-01-07 10,72.925
2020-01-07 11,62.1125
2020-01-07 12,73.625
2020-01-07 13,77.8625
2020-01-07 14,74.7125
2020-01-07 15,73.95
2020-01-07 16,87.7375
2020-01-07 17,103.4625
2020-01-07 18,105.1375
2020-01-07 19,100.1
2020-01-07 20,84.55
2020-01-07 21,65.4
2020-01-07 22,52.15
2020-01-07 23,44.2125
2020-01-08 00,27.7875
2020-01-08 01,11.6125
2020-01-08 02,9.1375
2020-01-08 03,3.9875
2020-01-08 04,3.9375
2020-01-08 05,6.4125
2020-01-08 06,21.1625
2020-01-08 07,70.3125
2020-01-08 08,98.6125
2020-01-08 09,91.8875
2020-01-08 10,75.475
2020-01-08 11,63.1125
2020-01-08 12,80.0625
2020-01-08 13,84.5375
2020-01-08 14,83.2125
2020-01-08 15,79.7625
2020-01-08 16,88.0625
2020-01-08 17,101.05
2020-01-08 18,111.2625
2020-01-08 19,96.525
2020-01-08 20,89.6625
2020-01-08 21,67.5
2020-01-08 22,55.85
2020-01-08 23,54.125
2020-01-09 00,33.9875
2020-01-09 01,14.1375
2020-01-09 02,8.525
2020-01-09 03,5.95
2020-01-09 04,3.525
2020-01-09 05,6.8875
2020-01-09 06,20.8375
2020-01-09 07,63.6625
2020-01-09 08,97.7625
2020-01-09 09,89.8
2020-01-09 10,71.5125
2020-01-09 11,64.45
2020-01-09 12,76.9875
2020-01-09 13,86.1625
2020-01-09 14,83.8875
2020-01-09 15,82.5375
2020-01-09 16,92.5625
2020-01-09 17,89.7625
2020-01-09 18,100.3375
2020-01-09 19,100.375
2020-01-09 20,88.125
2020-01-09 21,6.05
2020-01-09 22,72.6625
2020-01-09 23,48.625
2020-01-10 00,32.075
2020-01-10 01,16.6375
2020-01-10 02,9.7375
2020-01-10 03,5.55
2020-01-10 04,3.7125
2020-01-10 05,6.9375
2020-01-10 06,19.025
2020-01-10 07,62.45
2020-01-10 08,97.3625
2020-01-10 09,93.9625
2020-01-10 10,70.2125
2020-01-10 11,60.4
2020-01-10 12,71.925
2020-01-10 13,78.0625
2020-01-10 14,80.2375
2020-01-10 15,87.2375
2020-01-10 16,94.65
2020-01-10 17,107.525
2020-01-10 18,106.4875
2020-01-10 19,103.35
2020-01-10 20,103.4875
2020-01-10 21,85.7
2020-01-10 22,70.3625
2020-01-10 23,62.5
2020-01-11 00,53.725
2020-01-11 01,41.6125
2020-01-11 02,32.9
2020-01-11 03,20.25
2020-01-11 04,14.9625
2020-01-11 05,13.2625
2020-01-11 06,14.1875
2020-01-11 07,28
2020-01-11 08,46.4125
2020-01-11 09,53.55
2020-01-11 10,66.875
2020-01-11 11,70.9375
2020-01-11 12,82.75
2020-01-11 13,85.1625
2020-01-11 14,80.35
2020-01-11 15,82.85
2020-01-11 16,87.7125
2020-01-11 17,93.725
2020-01-11 18,103.7375
2020-01-11 19,102.0375
2020-01-11 20,94.9625
2020-01-11 21,83.65
2020-01-11 22,65.325
2020-01-11 23,60.4125
2020-01-12 00,59.3375
2020-01-12 01,49.425
2020-01-12 02,33.7875
2020-01-12 03,23.6875
2020-01-12 04,16.7875
2020-01-12 05,13.0625
2020-01-12 06,12.3625
2020-01-12 07,13.2
2020-01-12 08,21.5
2020-01-12 09,35.7875
2020-01-12 10,53.3125
2020-01-12 11,60.8875
2020-01-12 12,70.8625
2020-01-12 13,71.35
2020-01-12 14,66.6375
2020-01-12 15,69.3875
2020-01-12 16,73.975
2020-01-12 17,80.6375
2020-01-12 18,86.1875
2020-01-12 19,81.9125
2020-01-12 20,66
2020-01-12 21,50.7125
2020-01-12 22,43.3625
2020-01-12 23,39.7
2020-01-13 00,22.2875
2020-01-13 01,9.45
2020-01-13 02,6.6125
2020-01-13 03,5.1
2020-01-13 04,5.5
2020-01-13 05,8.4375
2020-01-13 06,21.7
2020-01-13 07,63.45
2020-01-13 08,93.525
2020-01-13 09,90.625
2020-01-13 10,68.25
2020-01-13 11,60.425
2020-01-13 12,70.4625
2020-01-13 13,73.975
2020-01-13 14,67
2020-01-13 15,70.3
2020-01-13 16,81.125
2020-01-13 17,96.725
2020-01-13 18,104.975
2020-01-13 19,95.5375
2020-01-13 20,82.2875
2020-01-13 21,60.375
2020-01-13 22,49.0875
2020-01-13 23,39.875
2020-01-14 00,23.5375
2020-01-14 01,10.15
2020-01-14 02,8.2
2020-01-14 03,5.1625
2020-01-14 04,2.5125
2020-01-14 05,6.9875
2020-01-14 06,20.475
2020-01-14 07,62.125
2020-01-14 08,96.3875
2020-01-14 09,90.8375
2020-01-14 10,67.8875
2020-01-14 11,60.9625
2020-01-14 12,76.3125
2020-01-14 13,76.5875
2020-01-14 14,75.775
2020-01-14 15,74.15
2020-01-14 16,83.425
2020-01-14 17,96.2125
2020-01-14 18,102.425
2020-01-14 19,98.075
2020-01-14 20,84.8125
2020-01-14 21,62.95
2020-01-14 22,55.225
2020-01-14 23,44.8375
2020-01-15 00,30.625
2020-01-15 01,10.575
2020-01-15 02,9.7625
2020-01-15 03,5.875
2020-01-15 04,3.125
2020-01-15 05,6.725
2020-01-15 06,18.1625
2020-01-15 07,59.2375
2020-01-15 08,95.425
2020-01-15 09,87.2125
2020-01-15 10,64.3875
2020-01-15 11,60.45
2020-01-15 12,77.875
2020-01-15 13,78.4375
2020-01-15 14,76.1375
2020-01-15 15,70.2125
2020-01-15 16,75.5625
2020-01-15 17,83.8125
2020-01-15 18,91.05
2020-01-15 19,95.4375
2020-01-15 20,84.75
2020-01-15 21,63.925
2020-01-15 22,55.975
2020-01-15 23,50.3625
2020-01-16 00,33.0125
2020-01-16 01,15.3125
2020-01-16 02,9.6625
2020-01-16 03,7.7625
2020-01-16 04,6.4625
2020-01-16 05,6.975
2020-01-16 06,17.4625
2020-01-16 07,55.7375
2020-01-16 08,96.725
2020-01-16 09,87.8
2020-01-16 10,64.5
2020-01-16 11,56.4
2020-01-16 12,72.5875
2020-01-16 13,79.3875
2020-01-16 14,73.9875
2020-01-16 15,71.5625
2020-01-16 16,82.0625
2020-01-16 17,93.925
2020-01-16 18,105.7375
2020-01-16 19,101.025
2020-01-16 20,91.375
2020-01-16 21,68.2
2020-01-16 22,61.1875
2020-01-16 23,55.675
2020-01-17 00,38.65
2020-01-17 01,19.7625
2020-01-17 02,14.6
2020-01-17 03,6.95
2020-01-17 04,4.2875
2020-01-17 05,5.9375
2020-01-17 06,13.7
2020-01-17 07,46.4625
2020-01-17 08,86.2875
2020-01-17 09,83.9625
2020-01-17 10,58.3375
2020-01-17 11,55.225
2020-01-17 12,72.425
2020-01-17 13,73.3125
2020-01-17 14,73.1375
2020-01-17 15,70.8125
2020-01-17 16,77.025
2020-01-17 17,90.9625
2020-01-17 18,23.5375
2020-01-17 19,74
2020-01-17 20,83.125
2020-01-17 21,65.4875
2020-01-17 22,58.55
2020-01-17 23,52.8125
2020-01-18 00,50.5875
2020-01-18 01,39.5625
2020-01-18 02,31.3875
2020-01-18 03,18.525
2020-01-18 04,14.0375
2020-01-18 05,12.325
2020-01-18 06,10.625
2020-01-18 07,19.0375
2020-01-18 08,35.525
2020-01-18 09,47.875
2020-01-18 10,60.4
2020-01-18 11,66.4875
2020-01-18 12,76.7375
2020-01-18 13,77.3875
2020-01-18 14,74.225
2020-01-18 15,79.925
2020-01-18 16,81.9875
2020-01-18 17,85.2
2020-01-18 18,84.9125
2020-01-18 19,84.9
2020-01-18 20,79.8375
2020-01-18 21,64
2020-01-18 22,51.8375
2020-01-18 23,53.1625
2020-01-19 00,55.2625
2020-01-19 01,48.8125
2020-01-19 02,38.2875
2020-01-19 03,23.1875
2020-01-19 04,17.2875
2020-01-19 05,13.5625
2020-01-19 06,9.4125
2020-01-19 07,10.4125
2020-01-19 08,17.3625
2020-01-19 09,31.925
2020-01-19 10,47.3125
2020-01-19 11,56.6875
2020-01-19 12,65.8375
2020-01-19 13,64.95
2020-01-19 14,62.25
2020-01-19 15,65.4375
2020-01-19 16,68.575
2020-01-19 17,71.2625
2020-01-19 18,72.5875
2020-01-19 19,66.9375
2020-01-19 20,55.2375
2020-01-19 21,42.0875
2020-01-19 22,36.3125
2020-01-19 23,29.45
2020-01-20 00,17.2375
2020-01-20 01,7.9125
2020-01-20 02,7.8
2020-01-20 03,5.15
2020-01-20 04,6.3875
2020-01-20 05,7.225
2020-01-20 06,14
2020-01-20 07,45.425
2020-01-20 08,90.9625
2020-01-20 09,85.125
2020-01-20 10,51.7125
2020-01-20 11,47.525
2020-01-20 12,57.5125
2020-01-20 13,62.2875
2020-01-20 14,57.8375
2020-01-20 15,51.2375
2020-01-20 16,62.75
2020-01-20 17,79.8
2020-01-20 18,100.9625
2020-01-20 19,93.3375
2020-01-20 20,69.875
2020-01-20 21,46.275
2020-01-20 22,40.7375
2020-01-20 23,32.6
2020-01-21 00,19.05
2020-01-21 01,8.1625
2020-01-21 02,7.6375
2020-01-21 03,3.45
2020-01-21 04,2.4875
2020-01-21 05,6.0375
2020-01-21 06,13.55
2020-01-21 07,48.225
2020-01-21 08,95.1
2020-01-21 09,88.45
2020-01-21 10,52.65
2020-01-21 11,43.8
2020-01-21 12,60.025
2020-01-21 13,63.85
2020-01-21 14,57.4375
2020-01-21 15,55.3875
2020-01-21 16,63.05
2020-01-21 17,78.1
2020-01-21 18,98.45
2020-01-21 19,94.5625
2020-01-21 20,73.7
2020-01-21 21,48.1375
2020-01-21 22,44.6
2020-01-21 23,38.9625
2020-01-22 00,22.525
2020-01-22 01,9.6375
2020-01-22 02,7.45
2020-01-22 03,6.625
2020-01-22 04,3.8375
2020-01-22 05,5.15
2020-01-22 06,11.625
2020-01-22 07,45.375
2020-01-22 08,94.4
2020-01-22 09,85.9625
2020-01-22 10,52.825
2020-01-22 11,46.7875
2020-01-22 12,63.5375
2020-01-22 13,66.475
2020-01-22 14,60.2125
2020-01-22 15,54.25
2020-01-22 16,60.4625
2020-01-22 17,74.275
2020-01-22 18,94.85
2020-01-22 19,93.375
2020-01-22 20,70.1
2020-01-22 21,45.1
2020-01-22 22,41.6625
2020-01-22 23,36.7625
2020-01-23 00,23.7
2020-01-23 01,12.3625
2020-01-23 02,8.0125
2020-01-23 03,5.05
2020-01-23 04,3.6
2020-01-23 05,5.8375
2020-01-23 06,14.075
2020-01-23 07,44.975
2020-01-23 08,93.1
2020-01-23 09,87.975
2020-01-23 10,52.625
2020-01-23 11,45.2125
2020-01-23 12,57.0125
2020-01-23 13,62.6625
2020-01-23 14,56.5
2020-01-23 15,52.05
2020-01-23 16,59.4625
2020-01-23 17,77.7125
2020-01-23 18,94.925
2020-01-23 19,92.575
2020-01-23 20,71.625
2020-01-23 21,48.1125
2020-01-23 22,45.1125
2020-01-23 23,39.325
2020-01-24 00,28.675
2020-01-24 01,16.4375
2020-01-24 02,11.525
2020-01-24 03,5.925
2020-01-24 04,3.675
2020-01-24 05,7.125
2020-01-24 06,15.7
2020-01-24 07,50.2375
2020-01-24 08,95.0375
2020-01-24 09,88.95
2020-01-24 10,58.6375
2020-01-24 11,55.5375
2020-01-24 12,71.6125
2020-01-24 13,73.8375
2020-01-24 14,72.325
2020-01-24 15,72.625
2020-01-24 16,78.6
2020-01-24 17,90.3875
2020-01-24 18,100.3875
2020-01-24 19,94.0875
2020-01-24 20,83.5875
2020-01-24 21,58.6125
2020-01-24 22,50.325
2020-01-24 23,47.7875
2020-01-25 00,40.8
2020-01-25 01,34.1125
2020-01-25 02,25.8375
2020-01-25 03,16.3375
2020-01-25 04,12.825
2020-01-25 05,10.6375
2020-01-25 06,8.8125
2020-01-25 07,13.5875
2020-01-25 08,30.6125
2020-01-25 09,40.275
2020-01-25 10,53.1875
2020-01-25 11,60.0375
2020-01-25 12,69.4125
2020-01-25 13,68.075
2020-01-25 14,70.3125
2020-01-25 15,72.4125
2020-01-25 16,74.375
2020-01-25 17,78.7375
2020-01-25 18,77.275
2020-01-25 19,71.975
2020-01-25 20,65.5
2020-01-25 21,49.8375
2020-01-25 22,38.8875
2020-01-25 23,40.275
2020-01-26 00,42.2375
2020-01-26 01,38.8375
2020-01-26 02,34.9625
2020-01-26 03,24.025
2020-01-26 04,16.2875
2020-01-26 05,10.2875
2020-01-26 06,7.75
2020-01-26 07,7.775
2020-01-26 08,14.2375
2020-01-26 09,26.475
2020-01-26 10,38.9125
2020-01-26 11,49.625
2020-01-26 12,61.825
2020-01-26 13,55.1875
2020-01-26 14,56.2625
2020-01-26 15,62.65
2020-01-26 16,65.875
2020-01-26 17,69.375
2020-01-26 18,66.4625
2020-01-26 19,61.8875
2020-01-26 20,49.875
2020-01-26 21,38.675
2020-01-26 22,32.7375
2020-01-26 23,25.2875
2020-01-27 00,11.125
2020-01-27 01,5.4625
2020-01-27 02,6.75
2020-01-27 03,5.55
2020-01-27 04,5.1125
2020-01-27 05,5.4875
2020-01-27 06,12.0375
2020-01-27 07,30.1125
2020-01-27 08,74.15
2020-01-27 09,82.6375
2020-01-27 10,47.65
2020-01-27 11,39.8375
2020-01-27 12,54.6125
2020-01-27 13,56.9375
2020-01-27 14,40.5375
2020-01-27 15,40.0875
2020-01-27 16,37.1625
2020-01-27 17,63.325
2020-01-27 18,77
2020-01-27 19,78.4
2020-01-27 20,65.525
2020-01-27 21,46.1875
2020-01-27 22,37.75
2020-01-27 23,29.3875
2020-01-28 00,18.325
2020-01-28 01,7.85
2020-01-28 02,8.25
2020-01-28 03,4.6625
2020-01-28 04,2.1875
2020-01-28 05,5.0375
2020-01-28 06,12.5625
2020-01-28 07,48.175
2020-01-28 08,88.5875
2020-01-28 09,84.9125
2020-01-28 10,53.1
2020-01-28 11,44.6375
2020-01-28 12,62.775
2020-01-28 13,63.2
2020-01-28 14,56.4625
2020-01-28 15,54.5125
2020-01-28 16,62.3625
2020-01-28 17,80.225
2020-01-28 18,78.475
2020-01-28 19,71.0375
2020-01-28 20,61.6375
2020-01-28 21,46.2625
2020-01-28 22,40.3
2020-01-28 23,35.4375
2020-01-29 00,22.525
2020-01-29 01,11.225
2020-01-29 02,6.8875
2020-01-29 03,4.9625
2020-01-29 04,2.9
2020-01-29 05,6.1875
2020-01-29 06,12.025
2020-01-29 07,46.8875
2020-01-29 08,100.6125
2020-01-29 09,94.225
2020-01-29 10,55.1875
2020-01-29 11,49.9375
2020-01-29 12,64.5125
2020-01-29 13,70.95
2020-01-29 14,64.3125
2020-01-29 15,61.3125
2020-01-29 16,65.0625
2020-01-29 17,82.475
2020-01-29 18,106.0375
2020-01-29 19,103.2625
2020-01-29 20,79.4
2020-01-29 21,53.8875
2020-01-29 22,50.0625
2020-01-29 23,44.6125
2020-01-30 00,30.1625
2020-01-30 01,15.175
2020-01-30 02,9.225
2020-01-30 03,6.65
2020-01-30 04,5.3875
2020-01-30 05,5.875
2020-01-30 06,13.1375
2020-01-30 07,46.6125
2020-01-30 08,103.025
2020-01-30 09,95.275
2020-01-30 10,37.5375
2020-01-30 11,9.1125
2020-01-30 12,25.9125
2020-01-30 13,42.625
2020-01-30 14,49.525
2020-01-30 15,51.5375
2020-01-30 16,59.5375
2020-01-30 17,77.375
2020-01-30 18,98.525
2020-01-30 19,98.6875
2020-01-30 20,77.55
2020-01-30 21,53.6625
2020-01-30 22,48.3
2020-01-30 23,44.1125
2020-01-31 00,35.8625
2020-01-31 01,24.0375
2020-01-31 02,15.3375
2020-01-31 03,8.95
2020-01-31 04,5.7
2020-01-31 05,6.275
2020-01-31 06,10.8375
2020-01-31 07,41.55
2020-01-31 08,97.225
2020-01-31 09,95.275
2020-01-31 10,54.6625
2020-01-31 11,47.375
2020-01-31 12,66.15
2020-01-31 13,69.6125
2020-01-31 14,64.9625
2020-01-31 15,65.7125
2020-01-31 16,76.15
2020-01-31 17,93.725
2020-01-31 18,103.15
2020-01-31 19,101.65
2020-01-31 20,84.25
2020-01-31 21,62.8125
2020-01-31 22,52.4625
2020-01-31 23,46.9
2020-02-01 00,45.9375
2020-02-01 01,36.1125
2020-02-01 02,37.275
2020-02-01 03,24.75
2020-02-01 04,15.95
2020-02-01 05,9.1
2020-02-01 06,7.375
2020-02-01 07,8.4
2020-02-01 08,16.3
2020-02-01 09,33.5125
2020-02-01 10,35.3125
2020-02-01 11,54.725
2020-02-01 12,70.4375
2020-02-01 13,72.5
2020-02-01 14,75.5875
2020-02-01 15,80.85
2020-02-01 16,81.5125
2020-02-01 17,84.625
2020-02-01 18,81.1875
2020-02-01 19,63.9375
2020-02-01 20,50.6375
2020-02-01 21,46.475
2020-02-01 22,41.9375
2020-02-01 23,30.8625
2020-02-02 00,36.825
2020-02-02 01,34.4125
2020-02-02 02,35.5375
2020-02-02 03,24.5625
2020-02-02 04,16.3875
2020-02-02 05,8.9625
2020-02-02 06,6.8125
2020-02-02 07,5.025
2020-02-02 08,12.175
2020-02-02 09,26.15
2020-02-02 10,40.9125
2020-02-02 11,53.025
2020-02-02 12,61.3375
2020-02-02 13,62.025
2020-02-02 14,61.3
2020-02-02 15,58.475
2020-02-02 16,57.325
2020-02-02 17,47.1625
2020-02-02 18,48.6625
2020-02-02 19,44.8625
2020-02-02 20,35.6875
2020-02-02 21,23.25
2020-02-02 22,17.8
2020-02-02 23,18.8625
2020-02-03 00,14.2625
2020-02-03 01,6.975
2020-02-03 02,6.0125
2020-02-03 03,5.2
2020-02-03 04,6.9125
2020-02-03 05,6.275
2020-02-03 06,11.825
2020-02-03 07,42.65
2020-02-03 08,98.25
2020-02-03 09,91.5625
2020-02-03 10,54.025
2020-02-03 11,46.975
2020-02-03 12,60.2375
2020-02-03 13,65.9875
2020-02-03 14,56.2875
2020-02-03 15,54.7875
2020-02-03 16,62.5625
2020-02-03 17,78.6625
2020-02-03 18,105.075
2020-02-03 19,106.075
2020-02-03 20,80.85
2020-02-03 21,36.5375
2020-02-03 22,21.3375
2020-02-03 23,16.1125
2020-02-04 00,11.825
2020-02-04 01,8.025
2020-02-04 02,7.4
2020-02-04 03,4.1375
2020-02-04 04,2.3125
2020-02-04 05,5.1375
2020-02-04 06,12.3375
2020-02-04 07,49.2875
2020-02-04 08,106.225
2020-02-04 09,99.7
2020-02-04 10,52.7125
2020-02-04 11,48.9125
2020-02-04 12,65.4875
2020-02-04 13,65.625
2020-02-04 14,59.3
2020-02-04 15,54.525
2020-02-04 16,63.825
2020-02-04 17,81.55
2020-02-04 18,108.6125
2020-02-04 19,105.3625
2020-02-04 20,81.2375
2020-02-04 21,52.975
2020-02-04 22,49.65
2020-02-04 23,44.0125
2020-02-05 00,29.4
2020-02-05 01,12.975
2020-02-05 02,11.225
2020-02-05 03,5.85
2020-02-05 04,3.3125
2020-02-05 05,5.2625
2020-02-05 06,12.5625
2020-02-05 07,51.575
2020-02-05 08,111.35
2020-02-05 09,104.325
2020-02-05 10,59.5875
2020-02-05 11,50.4125
2020-02-05 12,68.275
2020-02-05 13,74.125
2020-02-05 14,66.6125
2020-02-05 15,60.2
2020-02-05 16,65.575
2020-02-05 17,83.8
2020-02-05 18,107.0625
2020-02-05 19,108.3625
2020-02-05 20,82.475
2020-02-05 21,56.0875
2020-02-05 22,50.975
2020-02-05 23,44.5125
2020-02-06 00,29.075
2020-02-06 01,15.2875
2020-02-06 02,10.15
2020-02-06 03,6.9625
2020-02-06 04,4.4875
2020-02-06 05,5.7125
2020-02-06 06,11.9625
2020-02-06 07,47.7875
2020-02-06 08,108.475
2020-02-06 09,103.5375
2020-02-06 10,59.5375
2020-02-06 11,51.25
2020-02-06 12,69.15
2020-02-06 13,70.2
2020-02-06 14,66.9
2020-02-06 15,62.4125
2020-02-06 16,73.3
2020-02-06 17,88.4375
2020-02-06 18,110.65
2020-02-06 19,106.6375
2020-02-06 20,79.025
2020-02-06 21,54.2625
2020-02-06 22,49.4
2020-02-06 23,46.7125
2020-02-07 00,31.225
2020-02-07 01,19.9
2020-02-07 02,13.8
2020-02-07 03,7.7
2020-02-07 04,5.7625
2020-02-07 05,7.125
2020-02-07 06,12.1875
2020-02-07 07,43.7
2020-02-07 08,105.8375
2020-02-07 09,99.325
2020-02-07 10,55.325
2020-02-07 11,49.7
2020-02-07 12,71.7375
2020-02-07 13,68.6875
2020-02-07 14,66.975
2020-02-07 15,67.3875
2020-02-07 16,75.6
2020-02-07 17,92.525
2020-02-07 18,107.0125
2020-02-07 19,103.1875
2020-02-07 20,81.125
2020-02-07 21,60.6
2020-02-07 22,52.8375
2020-02-07 23,47.725
2020-02-08 00,44.9
2020-02-08 01,36.825
2020-02-08 02,34.9
2020-02-08 03,22.775
2020-02-08 04,16.575
2020-02-08 05,12.8125
2020-02-08 06,9.2125
2020-02-08 07,13.4125
2020-02-08 08,29
2020-02-08 09,43.5125
2020-02-08 10,57.75
2020-02-08 11,66.1375
2020-02-08 12,74.7125
2020-02-08 13,73.125
2020-02-08 14,71.5125
2020-02-08 15,76.1
2020-02-08 16,58.4125
2020-02-08 17,42.675
2020-02-08 18,50.975
2020-02-08 19,61.1
2020-02-08 20,56.05
2020-02-08 21,44.3375
2020-02-08 22,38.2125
2020-02-08 23,37.3
2020-02-09 00,38.0625
2020-02-09 01,36.9875
2020-02-09 02,37.2
2020-02-09 03,24.275
2020-02-09 04,19.35
2020-02-09 05,12.8
2020-02-09 06,8.15
2020-02-09 07,7.6
2020-02-09 08,14.1875
2020-02-09 09,26.5125
2020-02-09 10,41.175
2020-02-09 11,49.7375
2020-02-09 12,60.5625
2020-02-09 13,57.4
2020-02-09 14,51.925
2020-02-09 15,55.5625
2020-02-09 16,52.975
2020-02-09 17,50.45
2020-02-09 18,49.4625
2020-02-09 19,46
2020-02-09 20,33.175
2020-02-09 21,30.3875
2020-02-09 22,25.4625
2020-02-09 23,22.5875
2020-02-10 00,14.925
2020-02-10 01,8.125
2020-02-10 02,7.575
2020-02-10 03,5.9125
2020-02-10 04,5.9
2020-02-10 05,6.2875
2020-02-10 06,9.3625
2020-02-10 07,21.075
2020-02-10 08,77.0125
2020-02-10 09,92.875
2020-02-10 10,51.175
2020-02-10 11,44.425
2020-02-10 12,57.5875
2020-02-10 13,61.0875
2020-02-10 14,50.275
2020-02-10 15,34.3125
2020-02-10 16,36.5625
2020-02-10 17,41.0625
2020-02-10 18,80.8125
2020-02-10 19,82.2
2020-02-10 20,36.5875
2020-02-10 21,28.5875
2020-02-10 22,34.6
2020-02-10 23,31.5625
2020-02-11 00,21.1
2020-02-11 01,11.1625
2020-02-11 02,8.75
2020-02-11 03,4.2125
2020-02-11 04,2.55
2020-02-11 05,4.9125
2020-02-11 06,8
2020-02-11 07,28.1625
2020-02-11 08,89.4
2020-02-11 09,99.8
2020-02-11 10,53.1
2020-02-11 11,46.0875
2020-02-11 12,60.675
2020-02-11 13,60.7625
2020-02-11 14,52.6875
2020-02-11 15,47.4
2020-02-11 16,45.3125
2020-02-11 17,66.75
2020-02-11 18,86.6125
2020-02-11 19,88.2125
2020-02-11 20,69.4875
2020-02-11 21,47.1
2020-02-11 22,45.5125
2020-02-11 23,39.8875
2020-02-12 00,25.1625
2020-02-12 01,14.4
2020-02-12 02,9.7125
2020-02-12 03,6.725
2020-02-12 04,3.3125
2020-02-12 05,5.6
2020-02-12 06,10.4625
2020-02-12 07,35.2625
2020-02-12 08,91.175
2020-02-12 09,97.2875
2020-02-12 10,55.25
2020-02-12 11,46.6875
2020-02-12 12,63.8
2020-02-12 13,61
2020-02-12 14,62.675
2020-02-12 15,53.2625
2020-02-12 16,58.9
2020-02-12 17,75.6625
2020-02-12 18,101.2875
2020-02-12 19,103.325
2020-02-12 20,78.7875
2020-02-12 21,53.025
2020-02-12 22,50.2125
2020-02-12 23,46.25
2020-02-13 00,32.4375
2020-02-13 01,19.3875
2020-02-13 02,12.15
2020-02-13 03,8.475
2020-02-13 04,4.75
2020-02-13 05,6.7125
2020-02-13 06,10.7
2020-02-13 07,28.4
2020-02-13 08,83.0125
2020-02-13 09,95.975
2020-02-13 10,37
2020-02-13 11,38.4125
2020-02-13 12,61.45
2020-02-13 13,63.4625
2020-02-13 14,61.975
2020-02-13 15,49.7125
2020-02-13 16,51.375
2020-02-13 17,63.6125
2020-02-13 18,84.95
2020-02-13 19,77.4125
2020-02-13 20,64.175
2020-02-13 21,48.2625
2020-02-13 22,45.15
2020-02-13 23,44.8375
2020-02-14 00,34.825
2020-02-14 01,24.975
2020-02-14 02,17.1875
2020-02-14 03,11.075
2020-02-14 04,6.8375
2020-02-14 05,6.875
2020-02-14 06,11.0125
2020-02-14 07,31.6875
2020-02-14 08,86.075
2020-02-14 09,100.275
2020-02-14 10,55.95
2020-02-14 11,46.9875
2020-02-14 12,63.9375
2020-02-14 13,63.95
2020-02-14 14,64.125
2020-02-14 15,62.75
2020-02-14 16,66.5875
2020-02-14 17,82.775
2020-02-14 18,98.4125
2020-02-14 19,94.975
2020-02-14 20,74.1
2020-02-14 21,55.15
2020-02-14 22,46.7625
2020-02-14 23,40.975
2020-02-15 00,36.625
2020-02-15 01,30.0125
2020-02-15 02,30.6375
2020-02-15 03,19.3375
2020-02-15 04,15.05
2020-02-15 05,12.5625
2020-02-15 06,9.9375
2020-02-15 07,10.7625
2020-02-15 08,24.025
2020-02-15 09,40.175
2020-02-15 10,54.375
2020-02-15 11,64.7125
2020-02-15 12,76.1875
2020-02-15 13,76.475
2020-02-15 14,77.8375
2020-02-15 15,81.2625
2020-02-15 16,80
2020-02-15 17,78.3
2020-02-15 18,76.575
2020-02-15 19,51.625
2020-02-15 20,51.0375
2020-02-15 21,41.45
2020-02-15 22,40.55
2020-02-15 23,38.9875
2020-02-16 00,38.2875
2020-02-16 01,32.2625
2020-02-16 02,31.375
2020-02-16 03,22.4625
2020-02-16 04,17.5
2020-02-16 05,12.975
2020-02-16 06,8.025
2020-02-16 07,8.1375
2020-02-16 08,14.575
2020-02-16 09,27.6625
2020-02-16 10,43.675
2020-02-16 11,53.0125
2020-02-16 12,59.2875
2020-02-16 13,60.5
2020-02-16 14,59.7625
2020-02-16 15,67.6875
2020-02-16 16,67.7875
2020-02-16 17,65.9625
2020-02-16 18,63.1625
2020-02-16 19,51.35
2020-02-16 20,24.5625
2020-02-16 21,26.775
2020-02-16 22,23.125
2020-02-16 23,19.275
2020-02-17 00,15.2125
2020-02-17 01,10.35
2020-02-17 02,10.325
2020-02-17 03,7.875
2020-02-17 04,8.65
2020-02-17 05,8.75
2020-02-17 06,12.1125
2020-02-17 07,33.5
2020-02-17 08,86.15
2020-02-17 09,97.4875
2020-02-17 10,50.8375
2020-02-17 11,44.275
2020-02-17 12,55.8125
2020-02-17 13,60.775
2020-02-17 14,56.0625
2020-02-17 15,51.3375
2020-02-17 16,56.9625
2020-02-17 17,69.8125
2020-02-17 18,83.825
2020-02-17 19,99.9875
2020-02-17 20,71.775
2020-02-17 21,45.75
2020-02-17 22,44.225
2020-02-17 23,35.7125
2020-02-18 00,23.1625
2020-02-18 01,13.7
2020-02-18 02,9.175
2020-02-18 03,5.1125
2020-02-18 04,4.2375
2020-02-18 05,4.8625
2020-02-18 06,10.9125
2020-02-18 07,37.3
2020-02-18 08,98.875
2020-02-18 09,104.025
2020-02-18 10,55.825
2020-02-18 11,47.525
2020-02-18 12,61.8625
2020-02-18 13,63.075
2020-02-18 14,59.525
2020-02-18 15,55.2375
2020-02-18 16,59.225
2020-02-18 17,77.625
2020-02-18 18,106.825
2020-02-18 19,108.1375
2020-02-18 20,82.7125
2020-02-18 21,51.625
2020-02-18 22,47.625
2020-02-18 23,66.375
2020-02-19 00,34.725
2020-02-19 01,11.0375
2020-02-19 02,9.65
2020-02-19 03,7.7875
2020-02-19 04,4.5
2020-02-19 05,4.875
2020-02-19 06,11.1875
2020-02-19 07,36.45
2020-02-19 08,96.1375
2020-02-19 09,107.975
2020-02-19 10,56
2020-02-19 11,46.1375
2020-02-19 12,61.4375
2020-02-19 13,64.4125
2020-02-19 14,58.55
2020-02-19 15,47.6375
2020-02-19 16,50.475
2020-02-19 17,56.875
2020-02-19 18,78.9
2020-02-19 19,86.05
2020-02-19 20,72.05
2020-02-19 21,50.075
2020-02-19 22,45.775
2020-02-19 23,44.6625
2020-02-20 00,32.4
2020-02-20 01,16.325
2020-02-20 02,11.4125
2020-02-20 03,8.5875
2020-02-20 04,6.4125
2020-02-20 05,5.2625
2020-02-20 06,11.7125
2020-02-20 07,37.45
2020-02-20 08,93.9375
2020-02-20 09,105.575
2020-02-20 10,52.625
2020-02-20 11,45.2625
2020-02-20 12,58.7125
2020-02-20 13,62.125
2020-02-20 14,55.075
2020-02-20 15,49.8875
2020-02-20 16,55.475
2020-02-20 17,71.2125
2020-02-20 18,85.5125
2020-02-20 19,52.825
2020-02-20 20,60.9375
2020-02-20 21,43.1375
2020-02-20 22,44.0875
2020-02-20 23,43.5125
2020-02-21 00,34.125
2020-02-21 01,22.75
2020-02-21 02,18.0875
2020-02-21 03,13.2
2020-02-21 04,6.1
2020-02-21 05,5.5125
2020-02-21 06,10.3375
2020-02-21 07,29.1875
2020-02-21 08,87.1875
2020-02-21 09,100.075
2020-02-21 10,54.35
2020-02-21 11,48.2375
2020-02-21 12,63.9375
2020-02-21 13,62.9875
2020-02-21 14,65.175
2020-02-21 15,58.5
2020-02-21 16,67.45
2020-02-21 17,85.975
2020-02-21 18,102.675
2020-02-21 19,96.6625
2020-02-21 20,73.9625
2020-02-21 21,54.85
2020-02-21 22,47.975
2020-02-21 23,43.95
2020-02-22 00,41.6125
2020-02-22 01,33.8625
2020-02-22 02,32.925
2020-02-22 03,22.7375
2020-02-22 04,16.1625
2020-02-22 05,12.4625
2020-02-22 06,8.5
2020-02-22 07,11.075
2020-02-22 08,22.1
2020-02-22 09,39.4375
2020-02-22 10,57.375
2020-02-22 11,64.7875
2020-02-22 12,74.3125
2020-02-22 13,71.625
2020-02-22 14,71.05
2020-02-22 15,74.7625
2020-02-22 16,77.975
2020-02-22 17,82.55
2020-02-22 18,77.675
2020-02-22 19,70.3125
2020-02-22 20,69.075
2020-02-22 21,51
2020-02-22 22,44.075
2020-02-22 23,45.3
2020-02-23 00,44.25
2020-02-23 01,40.85
2020-02-23 02,36.125
2020-02-23 03,25.725
2020-02-23 04,19.0625
2020-02-23 05,11.85
2020-02-23 06,7.85
2020-02-23 07,8.0125
2020-02-23 08,16.0125
2020-02-23 09,30.45
2020-02-23 10,47.175
2020-02-23 11,57.3875
2020-02-23 12,67.8875
2020-02-23 13,65.1125
2020-02-23 14,60.975
2020-02-23 15,66.9625
2020-02-23 16,68.3375
2020-02-23 17,72
2020-02-23 18,72.8875
2020-02-23 19,64.2875
2020-02-23 20,48.525
2020-02-23 21,35.325
2020-02-23 22,31.05
2020-02-23 23,25.2125
2020-02-24 00,15.7125
2020-02-24 01,7.325
2020-02-24 02,8.1625
2020-02-24 03,6.5875
2020-02-24 04,5.075
2020-02-24 05,5.625
2020-02-24 06,12.0125
2020-02-24 07,46.375
2020-02-24 08,107.275
2020-02-24 09,102.3625
2020-02-24 10,57.45
2020-02-24 11,47.7125
2020-02-24 12,64.3875
2020-02-24 13,65.2625
2020-02-24 14,58.825
2020-02-24 15,55.5
2020-02-24 16,64.225
2020-02-24 17,85.0625
2020-02-24 18,113.425
2020-02-24 19,115.05
2020-02-24 20,82.5625
2020-02-24 21,55.3625
2020-02-24 22,45.5875
2020-02-24 23,37.7375
2020-02-25 00,21.725
2020-02-25 01,8.9375
2020-02-25 02,7.3
2020-02-25 03,7.375
2020-02-25 04,3.8875
2020-02-25 05,5.575
2020-02-25 06,11.4
2020-02-25 07,47.9125
2020-02-25 08,114.8375
2020-02-25 09,115.1125
2020-02-25 10,64.775
2020-02-25 11,55.025
2020-02-25 12,67.9125
2020-02-25 13,62.775
2020-02-25 14,58.8125
2020-02-25 15,54.525
2020-02-25 16,51.65
2020-02-25 17,83.7
2020-02-25 18,111.25
2020-02-25 19,112.25
2020-02-25 20,62.9875
2020-02-25 21,48
2020-02-25 22,46.8875
2020-02-25 23,39.275
2020-02-26 00,25.425
2020-02-26 01,11.2125
2020-02-26 02,10.2625
2020-02-26 03,8.25
2020-02-26 04,4.6
2020-02-26 05,5.475
2020-02-26 06,10.2875
2020-02-26 07,31.725
2020-02-26 08,102.325
2020-02-26 09,111.0125
2020-02-26 10,61.75
2020-02-26 11,52.8375
2020-02-26 12,49.5625
2020-02-26 13,43.625
2020-02-26 14,52.1
2020-02-26 15,53.7375
2020-02-26 16,56.7
2020-02-26 17,76.3
2020-02-26 18,107.6625
2020-02-26 19,111.6375
2020-02-26 20,81.8625
2020-02-26 21,55.8375
2020-02-26 22,44.8125
2020-02-26 23,48.4375
2020-02-27 00,31.2875
2020-02-27 01,14.55
2020-02-27 02,11.3375
2020-02-27 03,6.3
2020-02-27 04,2.975
2020-02-27 05,5.55
2020-02-27 06,6.9875
2020-02-27 07,18.475
2020-02-27 08,49.0625
2020-02-27 09,62.9625
2020-02-27 10,29.225
2020-02-27 11,38.3375
2020-02-27 12,58.675
2020-02-27 13,59.1875
2020-02-27 14,56.15
2020-02-27 15,51.2375
2020-02-27 16,60.8875
2020-02-27 17,77.4
2020-02-27 18,106.575
2020-02-27 19,104.4875
2020-02-27 20,76.2
2020-02-27 21,53.475
2020-02-27 22,51.325
2020-02-27 23,45.675
2020-02-28 00,33.2
2020-02-28 01,20.3875
2020-02-28 02,14.7
2020-02-28 03,10.2125
2020-02-28 04,5.75
2020-02-28 05,6.45
2020-02-28 06,11.6875
2020-02-28 07,44.025
2020-02-28 08,107.6875
2020-02-28 09,110.575
2020-02-28 10,60.9375
2020-02-28 11,54.875
2020-02-28 12,70.925
2020-02-28 13,67.0875
2020-02-28 14,60.7625
2020-02-28 15,59.7
2020-02-28 16,61.15
2020-02-28 17,83.65
2020-02-28 18,106.1
2020-02-28 19,103.925
2020-02-28 20,84.125
2020-02-28 21,58.6
2020-02-28 22,50.8125
2020-02-28 23,43.6625
2020-02-29 00,43.3
2020-02-29 01,36.6375
2020-02-29 02,35.3875
2020-02-29 03,24.125
2020-02-29 04,16.7
2020-02-29 05,12.4375
2020-02-29 06,8.7375
2020-02-29 07,15.675
2020-02-29 08,32.825
2020-02-29 09,48.1375
2020-02-29 10,59.075
2020-02-29 11,65.65
2020-02-29 12,49.275
2020-02-29 13,66.1375
2020-02-29 14,72.9125
2020-02-29 15,78.175
2020-02-29 16,65.1875
2020-02-29 17,79.9125
2020-02-29 18,81.6875
2020-02-29 19,71.8375
2020-02-29 20,66.2
2020-02-29 21,47.7125
2020-02-29 22,41.4625
2020-02-29 23,39.8625
2020-03-01 00,42.3375
2020-03-01 01,40.45
2020-03-01 02,34.2875
2020-03-01 03,25.25
2020-03-01 04,16.3375
2020-03-01 05,12.675
2020-03-01 06,7.25
2020-03-01 07,7.525
2020-03-01 08,18.0875
2020-03-01 09,31.925
2020-03-01 10,49.025
2020-03-01 11,59.4375
2020-03-01 12,54.925
2020-03-01 13,22.725
2020-03-01 14,17.7625
2020-03-01 15,18.1625
2020-03-01 16,14.125
2020-03-01 17,24.2625
2020-03-01 18,50.4
2020-03-01 19,48.3875
2020-03-01 20,39.3125
2020-03-01 21,33.7375
2020-03-01 22,27.4625
2020-03-01 23,27.5125
2020-03-02 00,12.5
2020-03-02 01,7.975
2020-03-02 02,7.075
2020-03-02 03,5.575
2020-03-02 04,4.1875
2020-03-02 05,4.5125
2020-03-02 06,13.2125
2020-03-02 07,34.35
2020-03-02 08,82.4
2020-03-02 09,93.1
2020-03-02 10,37.25
2020-03-02 11,31.8
2020-03-02 12,41.225
2020-03-02 13,55.2625
2020-03-02 14,50.275
2020-03-02 15,41.1
2020-03-02 16,56.475
2020-03-02 17,80.0875
2020-03-02 18,112.125
2020-03-02 19,114.025
2020-03-02 20,79.6
2020-03-02 21,51.6125
2020-03-02 22,46.625
2020-03-02 23,35.9125
2020-03-03 00,21.0125
2020-03-03 01,9.575
2020-03-03 02,9.2125
2020-03-03 03,6.0375
2020-03-03 04,3.2875
2020-03-03 05,5.725
2020-03-03 06,12.1125
2020-03-03 07,50.85
2020-03-03 08,124.625
2020-03-03 09,118
2020-03-03 10,61.8625
2020-03-03 11,52.175
2020-03-03 12,70.225
2020-03-03 13,70.075
2020-03-03 14,62.7375
2020-03-03 15,58.8125
2020-03-03 16,69.0625
2020-03-03 17,90.625
2020-03-03 18,119.7
2020-03-03 19,113.7125
2020-03-03 20,85.7375
2020-03-03 21,55.7625
2020-03-03 22,53.625
2020-03-03 23,42.1875
2020-03-04 00,26.6375
2020-03-04 01,14.15
2020-03-04 02,10.7125
2020-03-04 03,7.95
2020-03-04 04,3.1
2020-03-04 05,5.075
2020-03-04 06,10.45
2020-03-04 07,50.65
2020-03-04 08,126.8
2020-03-04 09,117.8375
2020-03-04 10,65.6875
2020-03-04 11,53.925
2020-03-04 12,72.4375
2020-03-04 13,65.8375
2020-03-04 14,64.2875
2020-03-04 15,45.4
2020-03-04 16,47.1875
2020-03-04 17,70.8875
2020-03-04 18,96.3125
2020-03-04 19,102.8
2020-03-04 20,72.2375
2020-03-04 21,47
2020-03-04 22,43.1625
2020-03-04 23,44.325
2020-03-05 00,28.3625
2020-03-05 01,12.825
2020-03-05 02,14.175
2020-03-05 03,8.6
2020-03-05 04,4.1125
2020-03-05 05,4.2375
2020-03-05 06,6.625
2020-03-05 07,26.875
2020-03-05 08,77.3125
2020-03-05 09,90.65
2020-03-05 10,51.0625
2020-03-05 11,25.85
2020-03-05 12,41.25
2020-03-05 13,60.85
2020-03-05 14,60.2375
2020-03-05 15,53.7625
2020-03-05 16,53.375
2020-03-05 17,62.975
2020-03-05 18,68.7625
2020-03-05 19,84.15
2020-03-05 20,62.9
2020-03-05 21,44.6625
2020-03-05 22,40.2
2020-03-05 23,37.125
2020-03-06 00,28.15
2020-03-06 01,16.2125
2020-03-06 02,12.9375
2020-03-06 03,8.4
2020-03-06 04,5.575
2020-03-06 05,6.025
2020-03-06 06,11.2875
2020-03-06 07,43.8125
2020-03-06 08,113.375
2020-03-06 09,107
2020-03-06 10,60.025
2020-03-06 11,50.7625
2020-03-06 12,69.075
2020-03-06 13,72.35
2020-03-06 14,64.525
2020-03-06 15,64.875
2020-03-06 16,77.2
2020-03-06 17,96.2
2020-03-06 18,115.6375
2020-03-06 19,110.2875
2020-03-06 20,82.775
2020-03-06 21,59.4
2020-03-06 22,52.8375
2020-03-06 23,46.8
2020-03-07 00,42.35
2020-03-07 01,34.6875
2020-03-07 02,32.1625
2020-03-07 03,21.4875
2020-03-07 04,16.5
2020-03-07 05,12.0125
2020-03-07 06,11.55
2020-03-07 07,14.8375
2020-03-07 08,35.9
2020-03-07 09,49.15
2020-03-07 10,65.1875
2020-03-07 11,73.275
2020-03-07 12,82.5
2020-03-07 13,79.6875
2020-03-07 14,78.4625
2020-03-07 15,83.2375
2020-03-07 16,85.5
2020-03-07 17,83.0375
2020-03-07 18,83.2875
2020-03-07 19,82.5875
2020-03-07 20,71.025
2020-03-07 21,51.6375
2020-03-07 22,46.675
2020-03-07 23,45.5125
2020-03-08 00,48.025
2020-03-08 01,40.4
2020-03-08 02,38.6125
2020-03-08 03,26.4625
2020-03-08 04,19.85
2020-03-08 05,11.2875
2020-03-08 06,8.75
2020-03-08 07,8.125
2020-03-08 08,19.0875
2020-03-08 09,31.55
2020-03-08 10,46.8875
2020-03-08 11,58.725
2020-03-08 12,66.375
2020-03-08 13,62.05
2020-03-08 14,55.55
2020-03-08 15,45.75
2020-03-08 16,50.125
2020-03-08 17,33.9
2020-03-08 18,56.3
2020-03-08 19,56.575
2020-03-08 20,46.05
2020-03-08 21,35.8625
2020-03-08 22,32.4375
2020-03-08 23,28.0375
2020-03-09 00,15.2125
2020-03-09 01,9.325
2020-03-09 02,7.275
2020-03-09 03,5.2625
2020-03-09 04,4.5625
2020-03-09 05,6.0125
2020-03-09 06,12.35
2020-03-09 07,43.0125
2020-03-09 08,110.4875
2020-03-09 09,102.7375
2020-03-09 10,56.5875
2020-03-09 11,48.125
2020-03-09 12,48.8
2020-03-09 13,60.3625
2020-03-09 14,53.9625
2020-03-09 15,54.425
2020-03-09 16,67.375
2020-03-09 17,87.625
2020-03-09 18,118.275
2020-03-09 19,114.5
2020-03-09 20,85.5625
2020-03-09 21,54.85
2020-03-09 22,45.9
2020-03-09 23,33.6375
2020-03-10 00,14.6875
2020-03-10 01,6.125
2020-03-10 02,7.5
2020-03-10 03,4.625
2020-03-10 04,2.3625
2020-03-10 05,4.7625
2020-03-10 06,11.7125
2020-03-10 07,46.475
2020-03-10 08,122.95
2020-03-10 09,109.8125
2020-03-10 10,59.1625
2020-03-10 11,50
2020-03-10 12,68.2125
2020-03-10 13,67.4
2020-03-10 14,65.0375
2020-03-10 15,58.4375
2020-03-10 16,69.875
2020-03-10 17,92.6375
2020-03-10 18,119.7875
2020-03-10 19,121.925
2020-03-10 20,88.625
2020-03-10 21,57.2875
2020-03-10 22,57.075
2020-03-10 23,48
2020-03-11 00,29.925
2020-03-11 01,13.875
2020-03-11 02,9.35
2020-03-11 03,5.8
2020-03-11 04,3.5875
2020-03-11 05,6.4125
2020-03-11 06,11.9375
2020-03-11 07,52.7375
2020-03-11 08,130.675
2020-03-11 09,118.35
2020-03-11 10,65.6375
2020-03-11 11,57.65
2020-03-11 12,77.725
2020-03-11 13,79.15
2020-03-11 14,71.7375
2020-03-11 15,66.8625
2020-03-11 16,71.325
2020-03-11 17,92.0875
2020-03-11 18,122.775
2020-03-11 19,127.275
2020-03-11 20,101.15
2020-03-11 21,58.2625
2020-03-11 22,49.85
2020-03-11 23,67.95
2020-03-12 00,40.8125
2020-03-12 01,16.2625
2020-03-12 02,12.025
2020-03-12 03,7.6125
2020-03-12 04,4.475
2020-03-12 05,5.55
2020-03-12 06,12.0375
2020-03-12 07,46.2875
2020-03-12 08,101.975
2020-03-12 09,117.8375
2020-03-12 10,67.4
2020-03-12 11,53.7625
2020-03-12 12,73.45
2020-03-12 13,76.6125
2020-03-12 14,72.225
2020-03-12 15,63.9875
2020-03-12 16,75.7375
2020-03-12 17,95.1875
2020-03-12 18,121.5
2020-03-12 19,117.975
2020-03-12 20,79.45
2020-03-12 21,55.7
2020-03-12 22,48.9
2020-03-12 23,45.5375
2020-03-13 00,33.0375
2020-03-13 01,19.35
2020-03-13 02,14.9375
2020-03-13 03,8.775
2020-03-13 04,5.2875
2020-03-13 05,6.95
2020-03-13 06,12.1875
2020-03-13 07,46.125
2020-03-13 08,113.025
2020-03-13 09,114.2875
2020-03-13 10,65.9125
2020-03-13 11,59.3625
2020-03-13 12,75.5875
2020-03-13 13,72.725
2020-03-13 14,73.35
2020-03-13 15,71.35
2020-03-13 16,82.95
2020-03-13 17,96.6625
2020-03-13 18,114.9875
2020-03-13 19,104.9625
2020-03-13 20,83.5875
2020-03-13 21,61.6625
2020-03-13 22,50.2
2020-03-13 23,44.6125
2020-03-14 00,38.3875
2020-03-14 01,29.675
2020-03-14 02,32.8125
2020-03-14 03,21.7
2020-03-14 04,15.0125
2020-03-14 05,10.0625
2020-03-14 06,8.8
2020-03-14 07,14.125
2020-03-14 08,30.3375
2020-03-14 09,41.3
2020-03-14 10,56.1625
2020-03-14 11,63.4875
2020-03-14 12,67.1875
2020-03-14 13,73.7125
2020-03-14 14,72.4625
2020-03-14 15,71.1375
2020-03-14 16,79.8875
2020-03-14 17,75.225
2020-03-14 18,78.9125
2020-03-14 19,80.225
2020-03-14 20,68.5
2020-03-14 21,49.0875
2020-03-14 22,41.9
2020-03-14 23,43.4
2020-03-15 00,46.775
2020-03-15 01,33.55
2020-03-15 02,24.5
2020-03-15 03,20.1875
2020-03-15 04,13.6125
2020-03-15 05,9.15
2020-03-15 06,8.125
2020-03-15 07,8.275
2020-03-15 08,15.4375
2020-03-15 09,27.45
2020-03-15 10,40.675
2020-03-15 11,55.4
2020-03-15 12,64.5875
2020-03-15 13,63.825
2020-03-15 14,69.2125
2020-03-15 15,84.3
2020-03-15 16,88.9625
2020-03-15 17,87.3875
2020-03-15 18,88.9625
2020-03-15 19,72.7625
2020-03-15 20,45.0625
2020-03-15 21,35.0375
2020-03-15 22,29.1875
2020-03-15 23,25.7875
2020-03-16 00,15.95
2020-03-16 01,9.25
2020-03-16 02,8.25
2020-03-16 03,7.5875
2020-03-16 04,5.875
2020-03-16 05,6.925
2020-03-16 06,8.85
2020-03-16 07,26.55
2020-03-16 08,69.7125
2020-03-16 09,73.6875
2020-03-16 10,50.975
2020-03-16 11,47.075
2020-03-16 12,54.925
2020-03-16 13,57.6125
2020-03-16 14,56.5375
2020-03-16 15,56.6
2020-03-16 16,56.95
2020-03-16 17,62.7625
2020-03-16 18,65.725
2020-03-16 19,60.0625
2020-03-16 20,30.4375
2020-03-16 21,22.05
2020-03-16 22,18.575
2020-03-16 23,15.15
2020-03-17 00,10.9625
2020-03-17 01,5.6375
2020-03-17 02,6.9125
2020-03-17 03,2.9125
2020-03-17 04,2.025
2020-03-17 05,5.05
2020-03-17 06,8.1
2020-03-17 07,19.0125
2020-03-17 08,40.675
2020-03-17 09,44.5875
2020-03-17 10,46.4625
2020-03-17 11,48.7125
2020-03-17 12,32.3375
2020-03-17 13,19.925
2020-03-17 14,17.5875
2020-03-17 15,17.4
2020-03-17 16,18.8375
2020-03-17 17,22.4125
2020-03-17 18,26.55
2020-03-17 19,23.7
2020-03-17 20,14.925
2020-03-17 21,8.125
2020-03-17 22,5.65
2020-03-17 23,4.4
2020-03-18 00,3.025
2020-03-18 01,1.275
2020-03-18 02,1.3875
2020-03-18 03,1.6
2020-03-18 04,1.175
2020-03-18 05,2.275
2020-03-18 06,5.0375
2020-03-18 07,10.75
2020-03-18 08,22.8
2020-03-18 09,19.55
2020-03-18 10,14.575
2020-03-18 11,15.0625
2020-03-18 12,16.275
2020-03-18 13,17.025
2020-03-18 14,19.25
2020-03-18 15,18.925
2020-03-18 16,21.8625
2020-03-18 17,27.6875
2020-03-18 18,30.6375
2020-03-18 19,26.7625
2020-03-18 20,15.525
2020-03-18 21,9.0125
2020-03-18 22,4.8875
2020-03-18 23,4.9
2020-03-19 00,5.1875
2020-03-19 01,1.4875
2020-03-19 02,2.15
2020-03-19 03,2.4
2020-03-19 04,1.775
2020-03-19 05,2.2625
2020-03-19 06,4.3125
2020-03-19 07,11.6375
2020-03-19 08,23.775
2020-03-19 09,22.65
2020-03-19 10,16
2020-03-19 11,15.3625
2020-03-19 12,19.1
2020-03-19 13,19.2125
2020-03-19 14,19.525
2020-03-19 15,20.5625
2020-03-19 16,22.825
2020-03-19 17,27.35
2020-03-19 18,29.9
2020-03-19 19,25.5
2020-03-19 20,15.075
2020-03-19 21,8.35
2020-03-19 22,5.1125
2020-03-19 23,5.625
2020-03-20 00,4.5125
2020-03-20 01,2.45
2020-03-20 02,3.725
2020-03-20 03,3.4375
2020-03-20 04,2.1875
2020-03-20 05,2.6375
2020-03-20 06,4.925
2020-03-20 07,9.8125
2020-03-20 08,20.475
2020-03-20 09,19.925
2020-03-20 10,12.875
2020-03-20 11,14.45
2020-03-20 12,17.1125
2020-03-20 13,17.9625
2020-03-20 14,17.4
2020-03-20 15,17.5875
2020-03-20 16,19.0125
2020-03-20 17,21.95
2020-03-20 18,23.8875
2020-03-20 19,19.175
2020-03-20 20,11.7625
2020-03-20 21,7.35
2020-03-20 22,4.8625
2020-03-20 23,3.05
2020-03-21 00,2.0375
2020-03-21 01,1.5375
2020-03-21 02,0.9375
2020-03-21 03,0.9625
2020-03-21 04,0.9125
2020-03-21 05,1.7875
2020-03-21 06,3.275
2020-03-21 07,4.4375
2020-03-21 08,8.6125
2020-03-21 09,8.9
2020-03-21 10,9.025
2020-03-21 11,10.6875
2020-03-21 12,12.5875
2020-03-21 13,11.925
2020-03-21 14,12.2125
2020-03-21 15,11.7875
2020-03-21 16,12.45
2020-03-21 17,13.5
2020-03-21 18,13.3375
2020-03-21 19,11.7625
2020-03-21 20,9.15
2020-03-21 21,5.5375
2020-03-21 22,4.8375
2020-03-21 23,6.3125
2020-03-22 00,5.2
2020-03-22 01,3.6625
2020-03-22 02,1.575
2020-03-22 03,5.2625
2020-03-22 04,3.8
2020-03-22 05,3.1375
2020-03-22 06,2.35
2020-03-22 07,3.4125
2020-03-22 08,5.8
2020-03-22 09,6.875
2020-03-22 10,7.4625
2020-03-22 11,8.4625
2020-03-22 12,10.4875
2020-03-22 13,9.95
2020-03-22 14,9.1625
2020-03-22 15,9.0375
2020-03-22 16,9.7125
2020-03-22 17,12.5875
2020-03-22 18,14.3125
2020-03-22 19,12.4125
2020-03-22 20,8.35
2020-03-22 21,7.4125
2020-03-22 22,6.2125
2020-03-22 23,5.8
2020-03-23 00,2.875
2020-03-23 01,1.4875
2020-03-23 02,3.775
2020-03-23 03,3.1625
2020-03-23 04,3.65
2020-03-23 05,3.3375
2020-03-23 06,4.3125
2020-03-23 07,9.275
2020-03-23 08,20.4375
2020-03-23 09,20.1375
2020-03-23 10,13.075
2020-03-23 11,11.7125
2020-03-23 12,13.975
2020-03-23 13,16.35
2020-03-23 14,16.2625
2020-03-23 15,14.95
2020-03-23 16,15.6
2020-03-23 17,20.075
2020-03-23 18,21.5875
2020-03-23 19,22.35
2020-03-23 20,11.4625
2020-03-23 21,6.5
2020-03-23 22,6.15
2020-03-23 23,7.7625
2020-03-24 00,4.775
2020-03-24 01,3.2125
2020-03-24 02,5.55
2020-03-24 03,5.3
2020-03-24 04,3.7
2020-03-24 05,2.35
2020-03-24 06,4.1125
2020-03-24 07,9.225
2020-03-24 08,21.35
2020-03-24 09,17.3875
2020-03-24 10,11.325
2020-03-24 11,10.85
2020-03-24 12,12.8875
2020-03-24 13,14.225
2020-03-24 14,12.9625
2020-03-24 15,13.7625
2020-03-24 16,15.55
2020-03-24 17,18.0375
2020-03-24 18,20.3375
2020-03-24 19,21.2375
2020-03-24 20,12.9125
2020-03-24 21,6.225
2020-03-24 22,3.8375
2020-03-24 23,3.175
2020-03-25 00,1.8
2020-03-25 01,1.1375
2020-03-25 02,1.1
2020-03-25 03,1.175
2020-03-25 04,1.0375
2020-03-25 05,1.825
2020-03-25 06,4.675
2020-03-25 07,9.9875
2020-03-25 08,20.9875
2020-03-25 09,17.1125
2020-03-25 10,10.8375
2020-03-25 11,11.2375
2020-03-25 12,13.05
2020-03-25 13,14.6875
2020-03-25 14,13.2125
2020-03-25 15,13.2625
2020-03-25 16,14.8875
2020-03-25 17,18.7875
2020-03-25 18,21.15
2020-03-25 19,19.6125
2020-03-25 20,11.475
2020-03-25 21,6.175
2020-03-25 22,3.95
2020-03-25 23,2.3375
2020-03-26 00,2.05
2020-03-26 01,1.25
2020-03-26 02,1.25
2020-03-26 03,0.6375
2020-03-26 04,0.8125
2020-03-26 05,1.9625
2020-03-26 06,4.8125
2020-03-26 07,9.6
2020-03-26 08,21.475
2020-03-26 09,17.7375
2020-03-26 10,11.45
2020-03-26 11,11.6375
2020-03-26 12,12.525
2020-03-26 13,13.975
2020-03-26 14,15.1625
2020-03-26 15,14.1375
2020-03-26 16,15.9875
2020-03-26 17,19.4625
2020-03-26 18,21.3125
2020-03-26 19,20.225
2020-03-26 20,11.8875
2020-03-26 21,6.75
2020-03-26 22,4.025
2020-03-26 23,3.1625
2020-03-27 00,1.6625
2020-03-27 01,0.85
2020-03-27 02,1.35
2020-03-27 03,1.0125
2020-03-27 04,0.7625
2020-03-27 05,1.925
2020-03-27 06,4.4625
2020-03-27 07,9.15
2020-03-27 08,20.325
2020-03-27 09,17.0125
2020-03-27 10,10.8125
2020-03-27 11,11.675
2020-03-27 12,13.225
2020-03-27 13,14.1875
2020-03-27 14,15.8375
2020-03-27 15,14.8375
2020-03-27 16,16.95
2020-03-27 17,20.725
2020-03-27 18,22.85
2020-03-27 19,19.775
2020-03-27 20,13.825
2020-03-27 21,7.825
2020-03-27 22,5.5625
2020-03-27 23,3.3125
2020-03-28 00,1.575
2020-03-28 01,1.1375
2020-03-28 02,0.8875
2020-03-28 03,0.8625
2020-03-28 04,0.7
2020-03-28 05,1.9375
2020-03-28 06,3.175
2020-03-28 07,4.9375
2020-03-28 08,8.6875
2020-03-28 09,7.55
2020-03-28 10,8.95
2020-03-28 11,10.4625
2020-03-28 12,12.8875
2020-03-28 13,13.6375
2020-03-28 14,12.3375
2020-03-28 15,13.5125
2020-03-28 16,14.925
2020-03-28 17,15.925
2020-03-28 18,15.025
2020-03-28 19,13.1
2020-03-28 20,9.825
2020-03-28 21,5.95
2020-03-28 22,4.8375
2020-03-28 23,2.875
2020-03-29 00,2.2125
2020-03-29 01,1.5125
2020-03-29 03,0.9625
2020-03-29 04,1.0375
2020-03-29 05,1.5375
2020-03-29 06,2.925
2020-03-29 07,3.275
2020-03-29 08,4.8125
2020-03-29 09,4.6125
2020-03-29 10,5.7
2020-03-29 11,7.6375
2020-03-29 12,7.9125
2020-03-29 13,8.5125
2020-03-29 14,7.1125
2020-03-29 15,7.65
2020-03-29 16,8.425
2020-03-29 17,9.9875
2020-03-29 18,9.8875
2020-03-29 19,9.75
2020-03-29 20,8.8375
2020-03-29 21,4.9375
2020-03-29 22,3.7125
2020-03-29 23,2.625
2020-03-30 00,1.475
2020-03-30 01,1.1625
2020-03-30 02,1.4
2020-03-30 03,1.1625
2020-03-30 04,0.825
2020-03-30 05,1.8125
2020-03-30 06,3.7375
2020-03-30 07,8.2875
2020-03-30 08,20.325
2020-03-30 09,17.275
2020-03-30 10,9.5
2020-03-30 11,10.5125
2020-03-30 12,11.05
2020-03-30 13,14.2125
2020-03-30 14,12.7875
2020-03-30 15,12.7375
2020-03-30 16,13.75
2020-03-30 17,18.2375
2020-03-30 18,22.3375
2020-03-30 19,22.3625
2020-03-30 20,13.4
2020-03-30 21,6.825
2020-03-30 22,4.75
2020-03-30 23,2.6875
2020-03-31 00,1.35
2020-03-31 01,0.9625
2020-03-31 02,0.55
2020-03-31 03,0.375
2020-03-31 04,0
2020-03-31 05,0
2020-03-31 06,0
2020-03-31 07,10.5875
2020-03-31 08,20.125
2020-03-31 09,16.9375
2020-03-31 10,10.3125
2020-03-31 11,11.375
2020-03-31 12,12.925
2020-03-31 13,16.075
2020-03-31 14,15.4875
2020-03-31 15,13.8875
2020-03-31 16,16.325
2020-03-31 17,19.55
2020-03-31 18,22.6125
2020-03-31 19,21.7
2020-03-31 20,14.8375
2020-03-31 21,7.4625
2020-03-31 22,4.8875
2020-03-31 23,2.5875
2020-04-01 00,1.675
2020-04-01 01,1.15
2020-04-01 02,0.9
2020-04-01 03,0.6625
2020-04-01 04,0.8375
2020-04-01 05,1.8
2020-04-01 06,4.8375
2020-04-01 07,10.2625
2020-04-01 08,21.6375
2020-04-01 09,18.7125
2020-04-01 10,13.15
2020-04-01 11,12.9375
2020-04-01 12,13.9125
2020-04-01 13,17
2020-04-01 14,17.0125
2020-04-01 15,15
2020-04-01 16,17.925
2020-04-01 17,21.2875
2020-04-01 18,24.6375
2020-04-01 19,24.4875
2020-04-01 20,14.5125
2020-04-01 21,8.325
2020-04-01 22,4.8875
2020-04-01 23,3.2875
2020-04-02 00,1.425
2020-04-02 01,0.8625
2020-04-02 02,0.1875
2020-04-02 03,0.95
2020-04-02 04,0.875
2020-04-02 05,1.8625
2020-04-02 06,4.4125
2020-04-02 07,9.7875
2020-04-02 08,22.05
2020-04-02 09,19.525
2020-04-02 10,12.525
2020-04-02 11,12.0375
2020-04-02 12,14.6375
2020-04-02 13,18.0625
2020-04-02 14,16.8875
2020-04-02 15,15.025
2020-04-02 16,16.5625
2020-04-02 17,20.9625
2020-04-02 18,23.9625
2020-04-02 19,2.2625
2020-04-02 21,27.4875
2020-04-02 22,5.5625
2020-04-02 23,4.1875
2020-04-03 00,2.675
2020-04-03 01,1.625
2020-04-03 02,0.9625
2020-04-03 03,0.8
2020-04-03 04,1.175
2020-04-03 05,1.8875
2020-04-03 06,4.7625
2020-04-03 07,9.35
2020-04-03 08,23.025
2020-04-03 09,19.8625
2020-04-03 10,13.225
2020-04-03 11,13.8875
2020-04-03 12,15.0125
2020-04-03 13,17.5375
2020-04-03 14,18.1
2020-04-03 15,16.15
2020-04-03 16,17.975
2020-04-03 17,22.15
2020-04-03 18,24.475
2020-04-03 19,23.1125
2020-04-03 20,15.625
2020-04-03 21,9.2875
2020-04-03 22,5.175
2020-04-03 23,3.1875
2020-04-04 00,1.8875
2020-04-04 01,1.6125
2020-04-04 02,0.675
2020-04-04 03,1.3375
2020-04-04 04,1.0875
2020-04-04 05,1.6875
2020-04-04 06,3.425
2020-04-04 07,5.075
2020-04-04 08,8.9125
2020-04-04 09,9.4125
2020-04-04 10,9.6
2020-04-04 11,12.25
2020-04-04 12,15.2125
2020-04-04 13,15.4625
2020-04-04 14,15.1375
2020-04-04 15,16.45
2020-04-04 16,18.2875
2020-04-04 17,18.6625
2020-04-04 18,18.95
2020-04-04 19,17.375
2020-04-04 20,13.35
2020-04-04 21,7.825
2020-04-04 22,6.05
2020-04-04 23,4.05
2020-04-05 00,2.8625
2020-04-05 01,1.8875
2020-04-05 02,1.3
2020-04-05 03,1.35
2020-04-05 04,1.0875
2020-04-05 05,1.3
2020-04-05 06,3.525
2020-04-05 07,4.0125
2020-04-05 08,6.7375
2020-04-05 09,6.4875
2020-04-05 10,8.6125
2020-04-05 11,10.075
2020-04-05 12,11.6
2020-04-05 13,12.7625
2020-04-05 14,11.9875
2020-04-05 15,12.5625
2020-04-05 16,15.975
2020-04-05 17,16.95
2020-04-05 18,18.0625
2020-04-05 19,16.1125
2020-04-05 20,12.0375
2020-04-05 21,7.8375
2020-04-05 22,6.0125
2020-04-05 23,4.85
2020-04-06 00,2.3875
2020-04-06 01,1.2625
2020-04-06 02,1.1
2020-04-06 03,1.0875
2020-04-06 04,1.175
2020-04-06 05,1.8125
2020-04-06 06,4.75
2020-04-06 07,9.55
2020-04-06 08,23.5875
2020-04-06 09,19.6875
2020-04-06 10,13.225
2020-04-06 11,12.95
2020-04-06 12,13.625
2020-04-06 13,15.9125
2020-04-06 14,10.2375
2020-04-06 15,8.15
2020-04-06 16,10.475
2020-04-06 17,17.95
2020-04-06 18,21.75
2020-04-06 19,22.45
2020-04-06 20,14.8625
2020-04-06 21,8.325
2020-04-06 22,5.625
2020-04-06 23,3.25
2020-04-07 00,2.2375
2020-04-07 01,1.3375
2020-04-07 02,1.7375
2020-04-07 03,1.3875
2020-04-07 04,1.35
2020-04-07 05,1.625
2020-04-07 06,4.825
2020-04-07 07,10.95
2020-04-07 08,24.925
2020-04-07 09,21.1625
2020-04-07 10,13.5125
2020-04-07 11,13.425
2020-04-07 12,16.1375
2020-04-07 13,19.0125
2020-04-07 14,18.8375
2020-04-07 15,16.95
2020-04-07 16,20.7625
2020-04-07 17,25.5875
2020-04-07 18,27.45
2020-04-07 19,28.2
2020-04-07 20,17.8125
2020-04-07 21,10.675
2020-04-07 22,6.3875
2020-04-07 23,4.5375
2020-04-08 00,2.625
2020-04-08 01,1.675
2020-04-08 02,1.6625
2020-04-08 03,1.4
2020-04-08 04,1.1375
2020-04-08 05,1.675
2020-04-08 06,4.8625
2020-04-08 07,12.1625
2020-04-08 08,26.6375
2020-04-08 09,23.575
2020-04-08 10,14.7
2020-04-08 11,14.825
2020-04-08 12,16.4625
2020-04-08 13,19.75
2020-04-08 14,19.575
2020-04-08 15,17.6875
2020-04-08 16,18.325
2020-04-08 17,23.6875
2020-04-08 18,27.35
2020-04-08 19,27.975
2020-04-08 20,2.0375
2020-04-09 02,18.925
2020-04-09 03,1.5
2020-04-09 04,1.25
2020-04-09 05,2.05
2020-04-09 06,5.4375
2020-04-09 07,12.125
2020-04-09 08,25.35
2020-04-09 09,22.6875
2020-04-09 10,14.2375
2020-04-09 11,14.2
2020-04-09 12,15.025
2020-04-09 13,19.1
2020-04-09 14,17.6875
2020-04-09 15,17.2
2020-04-09 16,18.9875
2020-04-09 17,23.6125
2020-04-09 18,27.125
2020-04-09 19,29.1625
2020-04-09 20,6.775
2020-04-09 21,0
2020-04-09 22,12.0875
2020-04-09 23,4.5625
2020-04-10 00,2.725
2020-04-10 01,1.3
2020-04-10 02,1.15
2020-04-10 03,1.8625
2020-04-10 04,1.6
2020-04-10 05,2.0875
2020-04-10 06,5.3625
2020-04-10 07,11.025
2020-04-10 08,25.15
2020-04-10 09,22.65
2020-04-10 10,15.525
2020-04-10 11,14.6
2020-04-10 12,17.6
2020-04-10 13,18.425
2020-04-10 14,20.25
2020-04-10 15,19.5875
2020-04-10 16,22.9625
2020-04-10 17,26.4125
2020-04-10 18,29
2020-04-10 19,29.025
2020-04-10 20,21.9625
2020-04-10 21,12.9375
2020-04-10 22,8.35
2020-04-10 23,5.1625
2020-04-11 00,3.1
2020-04-11 01,2.1375
2020-04-11 02,1.875
2020-04-11 03,1.5125
2020-04-11 04,1.075
2020-04-11 05,1.7875
2020-04-11 06,4.3
2020-04-11 07,5.5375
2020-04-11 08,10.8375
2020-04-11 09,12.8125
2020-04-11 10,12.75
2020-04-11 11,13.525
2020-04-11 12,15.25
2020-04-11 13,17.7
2020-04-11 14,18.0125
2020-04-11 15,18.3375
2020-04-11 16,20.3375
2020-04-11 17,20.875
2020-04-11 18,21.2
2020-04-11 19,23.1375
2020-04-11 20,18.125
2020-04-11 21,11.4625
2020-04-11 22,7.3375
2020-04-11 23,5.9125
2020-04-12 00,3.825
2020-04-12 01,2.325
2020-04-12 02,1.65
2020-04-12 03,1.45
2020-04-12 04,0.9125
2020-04-12 05,2.0125
2020-04-12 06,3.75
2020-04-12 07,5.5625
2020-04-12 08,8.3875
2020-04-12 09,9.9
2020-04-12 10,9.725
2020-04-12 11,11.3625
2020-04-12 12,12.475
2020-04-12 13,12.725
2020-04-12 14,12.325
2020-04-12 15,9.725
2020-04-12 16,8.65
2020-04-12 17,12.8
2020-04-12 18,15.2875
2020-04-12 19,18.5
2020-04-12 20,15.7375
2020-04-12 21,11.6
2020-04-12 22,6.675
2020-04-12 23,5.6875
2020-04-13 00,3.325
2020-04-13 01,2.0625
2020-04-13 02,1.675
2020-04-13 03,1.45
2020-04-13 04,0.9125
2020-04-13 05,1.4
2020-04-13 06,4.2375
2020-04-13 07,5.1125
2020-04-13 08,10.15
2020-04-13 09,12.55
2020-04-13 10,11.225
2020-04-13 11,11.1375
2020-04-13 12,13.1875
2020-04-13 13,16.2625
2020-04-13 14,15.5625
2020-04-13 15,15.6875
2020-04-13 16,17.825
2020-04-13 17,18.725
2020-04-13 18,20.6625
2020-04-13 19,20.725
2020-04-13 20,13.6
2020-04-13 21,9.725
2020-04-13 22,6.1375
2020-04-13 23,5.2375
2020-04-14 00,3.575
2020-04-14 01,1.4625
2020-04-14 02,1.6
2020-04-14 03,0.7375
2020-04-14 04,1.0125
2020-04-14 05,2.15
2020-04-14 06,5.625
2020-04-14 07,12.0625
2020-04-14 08,26.425
2020-04-14 09,23.0875
2020-04-14 10,15.9625
2020-04-14 11,14.4375
2020-04-14 12,16.625
2020-04-14 13,21.7
2020-04-14 14,20.375
2020-04-14 15,19.45
2020-04-14 16,21.55
2020-04-14 17,25.275
2020-04-14 18,31.0125
2020-04-14 19,30.325
2020-04-14 20,21.8625
2020-04-14 21,12.2875
2020-04-14 22,6.45
2020-04-14 23,5.25
2020-04-15 00,2.7
2020-04-15 01,1.8875
2020-04-15 02,1.7875
2020-04-15 03,1.225
2020-04-15 04,0.6875
2020-04-15 05,1.9625
2020-04-15 06,5.5125
2020-04-15 07,12.4625
2020-04-15 08,26.2
2020-04-15 09,24.225
2020-04-15 10,16.0875
2020-04-15 11,15.6875
2020-04-15 12,18.525
2020-04-15 13,22.4375
2020-04-15 14,22.6125
2020-04-15 15,19.8875
2020-04-15 16,21.8625
2020-04-15 17,26.7
2020-04-15 18,32.5125
2020-04-15 19,32.5625
2020-04-15 20,23.2
2020-04-15 21,13.6375
2020-04-15 22,8.1125
2020-04-15 23,5.2125
2020-04-16 00,3.125
2020-04-16 01,1.675
2020-04-16 02,1.675
2020-04-16 03,0.8875
2020-04-16 04,1.1125
2020-04-16 05,2.25
2020-04-16 06,5.4375
2020-04-16 07,12.85
2020-04-16 08,27.55
2020-04-16 09,24.4625
2020-04-16 10,16.7375
2020-04-16 11,16.4875
2020-04-16 12,19.0375
2020-04-16 13,22.8125
2020-04-16 14,21.525
2020-04-16 15,20.525
2020-04-16 16,22.15
2020-04-16 17,27.0625
2020-04-16 18,32.9875
2020-04-16 19,33.4
2020-04-16 20,24.75
2020-04-16 21,15.075
2020-04-16 22,9.25
2020-04-16 23,6.0125
2020-04-17 00,3.3
2020-04-17 01,1.9375
2020-04-17 02,1.0875
2020-04-17 03,0.7625
2020-04-17 04,0.8125
2020-04-17 05,2.15
2020-04-17 06,5.875
2020-04-17 07,12.15
2020-04-17 08,27.6625
2020-04-17 09,24.9375
2020-04-17 10,17.9375
2020-04-17 11,17.625
2020-04-17 12,20.5375
2020-04-17 13,22.8625
2020-04-17 14,22.025
2020-04-17 15,22.6
2020-04-17 16,24.1375
2020-04-17 17,29.0125
2020-04-17 18,33.35
2020-04-17 19,32.85
2020-04-17 20,24.0625
2020-04-17 21,14.45
2020-04-17 22,9.6625
2020-04-17 23,6.5875
2020-04-18 00,4.0875
2020-04-18 01,2.625
2020-04-18 02,1.825
2020-04-18 03,2.2
2020-04-18 04,1.5125
2020-04-18 05,2.075
2020-04-18 06,4.35
2020-04-18 07,5.8625
2020-04-18 08,11.025
2020-04-18 09,14.625
2020-04-18 10,15.7625
2020-04-18 11,17.2
2020-04-18 12,20.1375
2020-04-18 13,18.9
2020-04-18 14,19.2375
2020-04-18 15,21.65
2020-04-18 16,21.4375
2020-04-18 17,21.3625
2020-04-18 18,22.65
2020-04-18 19,21.325
2020-04-18 20,18.625
2020-04-18 21,12.625
2020-04-18 22,8.7125
2020-04-18 23,5.8375
2020-04-19 00,4.0125
2020-04-19 01,3.0375
2020-04-19 02,2.1
2020-04-19 03,1.275
2020-04-19 04,0.8
2020-04-19 05,1.2125
2020-04-19 06,3.6
2020-04-19 07,4.65
2020-04-19 08,8.4
2020-04-19 09,10.975
2020-04-19 10,11.4125
2020-04-19 11,12.4625
2020-04-19 12,15.85
2020-04-19 13,15.75
2020-04-19 14,15.025
2020-04-19 15,16.7
2020-04-19 16,18.6
2020-04-19 17,20.4125
2020-04-19 18,22.2875
2020-04-19 19,20.8875
2020-04-19 20,18.2
2020-04-19 21,12.975
2020-04-19 22,8.4125
2020-04-19 23,6.0625
2020-04-20 00,2.925
2020-04-20 01,2.0125
2020-04-20 02,1.8625
2020-04-20 03,1.175
2020-04-20 04,1.2125
2020-04-20 05,2.025
2020-04-20 06,5.2375
2020-04-20 07,11.2125
2020-04-20 08,29.2
2020-04-20 09,26.9625
2020-04-20 10,15.8625
2020-04-20 11,16.475
2020-04-20 12,20.0125
2020-04-20 13,23.5875
2020-04-20 14,22.65
2020-04-20 15,20.6
2020-04-20 16,23.15
2020-04-20 17,28.625
2020-04-20 18,33.7625
2020-04-20 19,35.0625
2020-04-20 20,25.275
2020-04-20 21,14.2
2020-04-20 22,7.3875
2020-04-20 23,5.2875
2020-04-21 00,3.5
2020-04-21 01,1.6
2020-04-21 02,1.2
2020-04-21 03,1.15
2020-04-21 04,0.8375
2020-04-21 05,2.275
2020-04-21 06,6.3875
2020-04-21 07,14.35
2020-04-21 08,31.125
2020-04-21 09,27.1
2020-04-21 10,19.8375
2020-04-21 11,17.6875
2020-04-21 12,20.325
2020-04-21 13,24.4
2020-04-21 14,23.3
2020-04-21 15,21.1
2020-04-21 16,24.6
2020-04-21 17,29.4
2020-04-21 18,35.525
2020-04-21 19,35.1875
2020-04-21 20,26.05
2020-04-21 21,16.4125
2020-04-21 22,9.45
2020-04-21 23,6.3625
2020-04-22 00,3.875
2020-04-22 01,2.0375
2020-04-22 02,1.9125
2020-04-22 03,0.6625
2020-04-22 04,0.9125
2020-04-22 05,1.975
2020-04-22 06,6.925
2020-04-22 07,13.6875
2020-04-22 08,31.425
2020-04-22 09,28.1625
2020-04-22 10,20.35
2020-04-22 11,19.825
2020-04-22 12,22.1625
2020-04-22 13,26.3
2020-04-22 14,25.2125
2020-04-22 15,23.9625
2020-04-22 16,24.625
2020-04-22 17,32.1375
2020-04-22 18,37.15
2020-04-22 19,37.7875
2020-04-22 20,29.2375
2020-04-22 21,17.175
2020-04-22 22,11.25
2020-04-22 23,6.425
2020-04-23 00,3.4625
2020-04-23 01,2.5375
2020-04-23 02,1.425
2020-04-23 03,1.3375
2020-04-23 04,1.3625
2020-04-23 05,2.275
2020-04-23 06,6.125
2020-04-23 07,13.8
2020-04-23 08,33.55
2020-04-23 09,30.925
2020-04-23 10,20.8875
2020-04-23 11,19.925
2020-04-23 12,22.1625
2020-04-23 13,23.8125
2020-04-23 14,24.6625
2020-04-23 15,23.875
2020-04-23 16,26.1375
2020-04-23 17,32.6875
2020-04-23 18,38.5625
2020-04-23 19,39.9875
2020-04-23 20,30.9125
2020-04-23 21,18.6375
2020-04-23 22,11.8375
2020-04-23 23,7.9625
2020-04-24 00,4.875
2020-04-24 01,3.3
2020-04-24 02,2.2125
2020-04-24 03,1.3625
2020-04-24 04,1.125
2020-04-24 05,2.375
2020-04-24 06,6.0375
2020-04-24 07,12.6875
2020-04-24 08,29.45
2020-04-24 09,29.075
2020-04-24 10,17.4375
2020-04-24 11,13.9625
2020-04-24 12,17.325
2020-04-24 13,27.9875
2020-04-24 14,26.4875
2020-04-24 15,26.4875
2020-04-24 16,29.5375
2020-04-24 17,32.675
2020-04-24 18,37.3375
2020-04-24 19,37.1375
2020-04-24 20,28.6
2020-04-24 21,15.7
2020-04-24 22,11.2125
2020-04-24 23,8.6125
2020-04-25 00,5.175
2020-04-25 01,3.65
2020-04-25 02,2.2875
2020-04-25 03,1.7875
2020-04-25 04,1.3
2020-04-25 05,2.15
2020-04-25 06,4.8875
2020-04-25 07,6.275
2020-04-25 08,10.3125
2020-04-25 09,15.025
2020-04-25 10,15.3
2020-04-25 11,19.1
2020-04-25 12,21.1125
2020-04-25 13,22.775
2020-04-25 14,22.3875
2020-04-25 15,24.5625
2020-04-25 16,26.0125
2020-04-25 17,29.075
2020-04-25 18,29.9
2020-04-25 19,28.8375
2020-04-25 20,24.5125
2020-04-25 21,14
2020-04-25 22,11.2625
2020-04-25 23,8.4
2020-04-26 00,5.55
2020-04-26 01,3.55
2020-04-26 02,1.8625
2020-04-26 03,1.5375
2020-04-26 04,1.1
2020-04-26 05,1.85
2020-04-26 06,4.325
2020-04-26 07,5
2020-04-26 08,8.25
2020-04-26 09,11.8
2020-04-26 10,12.125
2020-04-26 11,15.15
2020-04-26 12,17.375
2020-04-26 13,17.375
2020-04-26 14,17.725
2020-04-26 15,21.325
2020-04-26 16,22.4125
2020-04-26 17,24.575
2020-04-26 18,27.5625
2020-04-26 19,28.125
2020-04-26 20,25.125
2020-04-26 21,13.9
2020-04-26 22,11.125
2020-04-26 23,7.8
2020-04-27 00,4.9125
2020-04-27 01,3.95
2020-04-27 02,2.3875
2020-04-27 03,1.7625
2020-04-27 04,1.3875
2020-04-27 05,2.5125
2020-04-27 06,6.3375
2020-04-27 07,12.775
2020-04-27 08,31.6625
2020-04-27 09,27.9
2020-04-27 10,22.05
2020-04-27 11,21.3625
2020-04-27 12,21.8
2020-04-27 13,25.4125
2020-04-27 14,24.45
2020-04-27 15,23.675
2020-04-27 16,19.9125
2020-04-27 17,27.2125
2020-04-27 18,34.2875
2020-04-27 19,36.525
2020-04-27 20,25.1
2020-04-27 21,13.225
2020-04-27 22,9.675
2020-04-27 23,7.6625
2020-04-28 00,5.8125
2020-04-28 01,3.825
2020-04-28 02,3.375
2020-04-28 03,2.7625
2020-04-28 04,2.4625
2020-04-28 05,2.7
2020-04-28 06,5.8125
2020-04-28 07,14.2375
2020-04-28 08,33.7625
2020-04-28 09,29.925
2020-04-28 10,22.025
2020-04-28 11,18.35
2020-04-28 12,22.275
2020-04-28 13,26.2625
2020-04-28 14,24.8625
2020-04-28 15,21.9
2020-04-28 16,24.8375
2020-04-28 17,31.1375
2020-04-28 18,37.075
2020-04-28 19,38.525
2020-04-28 20,23.075
2020-04-28 21,13.525
2020-04-28 22,11.525
2020-04-28 23,9.4375
2020-04-29 00,7.0125
2020-04-29 01,3.8875
2020-04-29 02,3.55
2020-04-29 03,3.3125
2020-04-29 04,3.075
2020-04-29 05,2.5
2020-04-29 06,5.8125
2020-04-29 07,14.75
2020-04-29 08,31.4375
2020-04-29 09,29.8625
2020-04-29 10,21.725
2020-04-29 11,22.3125
2020-04-29 12,24.2625
2020-04-29 13,26.8625
2020-04-29 14,23.9
2020-04-29 15,18.8125
2020-04-29 16,22.2625
2020-04-29 17,25.45
2020-04-29 18,21.8625
2020-04-29 19,17.5875
2020-04-29 20,15.025
2020-04-29 21,8.8625
2020-04-29 22,8.125
2020-04-29 23,5.9875
2020-04-30 00,4.125
2020-04-30 01,2.6125
2020-04-30 02,2.05
2020-04-30 03,2.4375
2020-04-30 04,3.1625
2020-04-30 05,2.6875
2020-04-30 06,6.6875
2020-04-30 07,14.55
2020-04-30 08,31.35
2020-04-30 09,30.9375
2020-04-30 10,21.7875
2020-04-30 11,22.8125
2020-04-30 12,23.65
2020-04-30 13,26.1125
2020-04-30 14,26.625
2020-04-30 15,20.4
2020-04-30 16,24.8875
2020-04-30 17,30.55
2020-04-30 18,32.2625
2020-04-30 19,28.425
2020-04-30 20,24.2125
2020-04-30 21,14.225
2020-04-30 22,12
2020-04-30 23,10.0625
2020-05-01 00,6.85
2020-05-01 01,4.675
2020-05-01 02,4.2375
2020-05-01 03,2.1875
2020-05-01 04,1.375
2020-05-01 05,1.5375
2020-05-01 06,2.875
2020-05-01 07,4.725
2020-05-01 08,8.975
2020-05-01 09,11.525
2020-05-01 10,11.2125
2020-05-01 11,13.4125
2020-05-01 12,17.35
2020-05-01 13,17.6625
2020-05-01 14,16.65
2020-05-01 15,19.075
2020-05-01 16,25.1125
2020-05-01 17,29.2625
2020-05-01 18,29.0875
2020-05-01 19,29.675
2020-05-01 20,24.725
2020-05-01 21,15.7625
2020-05-01 22,13.0875
2020-05-01 23,10.0125
2020-05-02 00,6.95
2020-05-02 01,4.8125
2020-05-02 02,4.5875
2020-05-02 03,3.3875
2020-05-02 04,1.5375
2020-05-02 05,2.275
2020-05-02 06,4.5375
2020-05-02 07,6.2375
2020-05-02 08,11.3125
2020-05-02 09,16.6125
2020-05-02 10,20.15
2020-05-02 11,22.95
2020-05-02 12,26.5875
2020-05-02 13,25.9875
2020-05-02 14,28.05
2020-05-02 15,30.025
2020-05-02 16,34
2020-05-02 17,36.2
2020-05-02 18,35.8875
2020-05-02 19,36.9
2020-05-02 20,29
2020-05-02 21,18.25
2020-05-02 22,14.225
2020-05-02 23,11.225
2020-05-03 00,9.325
2020-05-03 01,5.4375
2020-05-03 02,4.4875
2020-05-03 03,2.5875
2020-05-03 04,1.6875
2020-05-03 05,1.6
2020-05-03 06,3.8625
2020-05-03 07,4.325
2020-05-03 08,9.025
2020-05-03 09,11.2
2020-05-03 10,12.125
2020-05-03 11,14.725
2020-05-03 12,15.75
2020-05-03 13,17.8625
2020-05-03 14,17.675
2020-05-03 15,19.3875
2020-05-03 16,22.8125
2020-05-03 17,29.1875
2020-05-03 18,30.3
2020-05-03 19,31.225
2020-05-03 20,22.7375
2020-05-03 21,16.2375
2020-05-03 22,13.7625
2020-05-03 23,10.4875
2020-05-04 00,6.525
2020-05-04 01,4.525
2020-05-04 02,4.7125
2020-05-04 03,2.7125
2020-05-04 04,2.925
2020-05-04 05,3
2020-05-04 06,6.4625
2020-05-04 07,15.375
2020-05-04 08,37.725
2020-05-04 09,34.8375
2020-05-04 10,25.9375
2020-05-04 11,26.1
2020-05-04 12,26.9
2020-05-04 13,30.2375
2020-05-04 14,30.0375
2020-05-04 15,27.6
2020-05-04 16,31.8625
2020-05-04 17,38.2125
2020-05-04 18,48.4375
2020-05-04 19,45.8125
2020-05-04 20,31.9375
2020-05-04 21,18.1125
2020-05-04 22,15.4625
2020-05-04 23,15.6625
2020-05-05 00,9.85
2020-05-05 01,5.6875
2020-05-05 02,8.35
2020-05-05 03,6.8625
2020-05-05 04,5.2
2020-05-05 05,2.975
2020-05-05 06,6.1125
2020-05-05 07,15.1
2020-05-05 08,31.4375
2020-05-05 09,28.5375
2020-05-05 10,23.4875
2020-05-05 11,25.2125
2020-05-05 12,24.1125
2020-05-05 13,18.9
2020-05-05 14,18.2375
2020-05-05 15,22.975
2020-05-05 16,29.8625
2020-05-05 17,37.15
2020-05-05 18,43.6625
2020-05-05 19,45.025
2020-05-05 20,32.2625
2020-05-05 21,18.6125
2020-05-05 22,15.7875
2020-05-05 23,15.075
2020-05-06 00,10.2375
2020-05-06 01,4.975
2020-05-06 02,7.825
2020-05-06 03,7.9
2020-05-06 04,6.0125
2020-05-06 05,3.05
2020-05-06 06,7.1125
2020-05-06 07,17.15
2020-05-06 08,39.025
2020-05-06 09,37.9875
2020-05-06 10,24.575
2020-05-06 11,24.625
2020-05-06 12,30.025
2020-05-06 13,35.1
2020-05-06 14,34.9375
2020-05-06 15,32.875
2020-05-06 16,37.675
2020-05-06 17,45.2125
2020-05-06 18,52.4875
2020-05-06 19,52.0125
2020-05-06 20,40.075
2020-05-06 21,23.1
2020-05-06 22,16.975
2020-05-06 23,14.0125
2020-05-07 00,11.975
2020-05-07 01,6.225
2020-05-07 02,8.575
2020-05-07 03,8.8625
2020-05-07 04,4.7125
2020-05-07 05,1.525
2020-05-07 08,41.1375
2020-05-07 09,37.3625
2020-05-07 10,28.175
2020-05-07 11,29.05
2020-05-07 12,30.9125
2020-05-07 13,34.65
2020-05-07 14,32.2125
2020-05-07 15,36.3
2020-05-07 16,36.65
2020-05-07 17,43.4875
2020-05-07 18,50.75
2020-05-07 19,52.5125
2020-05-07 20,39.375
2020-05-07 21,24.6
2020-05-07 22,18.45
2020-05-07 23,13.6875
2020-05-08 00,11.2375
2020-05-08 01,7.025
2020-05-08 02,5.525
2020-05-08 03,7.4
2020-05-08 04,5.625
2020-05-08 05,2.7
2020-05-08 06,5.275
2020-05-08 07,6.6
2020-05-08 08,13.8125
2020-05-08 09,19.4
2020-05-08 10,21.3625
2020-05-08 11,26.625
2020-05-08 12,29.5875
2020-05-08 13,28.9875
2020-05-08 14,32.2875
2020-05-08 15,35.1625
2020-05-08 16,38.9125
2020-05-08 17,42.3
2020-05-08 18,44.2
2020-05-08 19,43.6
2020-05-08 20,35.6875
2020-05-08 21,25.6375
2020-05-08 22,20.8125
2020-05-08 23,14.8375
2020-05-09 00,11.1
2020-05-09 01,7.1125
2020-05-09 02,8.675
2020-05-09 03,5.7
2020-05-09 04,4.4375
2020-05-09 05,5.275
2020-05-09 06,5.3125
2020-05-09 07,6.8125
2020-05-09 08,12.3125
2020-05-09 09,17.625
2020-05-09 10,22.8
2020-05-09 11,29.5375
2020-05-09 12,33.425
2020-05-09 13,32.1125
2020-05-09 14,35.7875
2020-05-09 15,40.05
2020-05-09 16,44.6125
2020-05-09 17,31.75
2020-05-09 18,30.8875
2020-05-09 19,37.95
2020-05-09 20,31.275
2020-05-09 21,18.9375
2020-05-09 22,11.7125
2020-05-09 23,5.9
2020-05-10 00,7.9375
2020-05-10 01,5.2625
2020-05-10 02,4.5875
2020-05-10 03,4.7875
2020-05-10 04,5.55
2020-05-10 05,3.875
2020-05-10 06,5
2020-05-10 07,6.1375
2020-05-10 08,8.8875
2020-05-10 09,10.65
2020-05-10 10,16.75
2020-05-10 11,21.3375
2020-05-10 12,25.1625
2020-05-10 13,24.7875
2020-05-10 14,25.95
2020-05-10 15,32.375
2020-05-10 16,36.45
2020-05-10 17,39.075
2020-05-10 18,43.425
2020-05-10 19,44.2625
2020-05-10 20,28.1625
2020-05-10 21,19.5625
2020-05-10 22,18.05
2020-05-10 23,12.2625
2020-05-11 00,8.575
2020-05-11 01,4.2875
2020-05-11 02,3.375
2020-05-11 03,2.325
2020-05-11 04,1.5875
2020-05-11 05,3.2375
2020-05-11 06,7.475
2020-05-11 07,19.6875
2020-05-11 08,52.7
2020-05-11 09,51.325
2020-05-11 10,41.4625
2020-05-11 11,44.1125
2020-05-11 12,48.4875
2020-05-11 13,57.15
2020-05-11 14,61.85
2020-05-11 15,68.05
2020-05-11 16,73.6375
2020-05-11 17,85.8
2020-05-11 18,99.85
2020-05-11 19,99.475
2020-05-11 20,76.6875
2020-05-11 21,44.55
2020-05-11 22,38.8
2020-05-11 23,36.0375
2020-05-12 00,28.7875
2020-05-12 01,18.8125
2020-05-12 02,17.6875
2020-05-12 03,12.7
2020-05-12 04,7.9875
2020-05-12 05,5.3125
2020-05-12 06,11.95
2020-05-12 07,29.2125
2020-05-12 08,66.1625
2020-05-12 09,67.625
2020-05-12 10,51.975
2020-05-12 11,54.5875
2020-05-12 12,61.8375
2020-05-12 13,67.35
2020-05-12 14,68.4875
2020-05-12 15,73.55
2020-05-12 16,80.525
2020-05-12 17,93.775
2020-05-12 18,104.95
2020-05-12 19,104.225
2020-05-12 20,77.1
2020-05-12 21,48.475
2020-05-12 22,39.1125
2020-05-12 23,37.5375
2020-05-13 00,29.8625
2020-05-13 01,16.45
2020-05-13 02,12.55
2020-05-13 03,6.9
2020-05-13 04,4.65
2020-05-13 05,4.5
2020-05-13 06,10.4375
2020-05-13 07,31.1
2020-05-13 08,64.9875
2020-05-13 09,70.7875
2020-05-13 10,54.8875
2020-05-13 11,55.3625
2020-05-13 12,60.9625
2020-05-13 13,70.7
2020-05-13 14,71.9375
2020-05-13 15,73.825
2020-05-13 16,82.7125
2020-05-13 17,93.15
2020-05-13 18,105.8625
2020-05-13 19,108.775
2020-05-13 20,79.9625
2020-05-13 21,45.825
2020-05-13 22,39.6875
2020-05-13 23,41.15
2020-05-14 00,31.6625
2020-05-14 01,18.05
2020-05-14 02,12.65
2020-05-14 03,8.725
2020-05-14 04,4.0125
2020-05-14 05,4.75
2020-05-14 06,11
2020-05-14 07,30.625
2020-05-14 08,70.3125
2020-05-14 09,72.7125
2020-05-14 10,55.65
2020-05-14 11,53.4125
2020-05-14 12,63.9375
2020-05-14 13,71.475
2020-05-14 14,72.8
2020-05-14 15,73.5375
2020-05-14 16,83.5125
2020-05-14 17,93.7625
2020-05-14 18,109.1375
2020-05-14 19,110.725
2020-05-14 20,82.075
2020-05-14 21,53.6125
2020-05-14 22,42.475
2020-05-14 23,41.6125
2020-05-15 00,35.0375
2020-05-15 01,19.225
2020-05-15 02,12.9
2020-05-15 03,9.075
2020-05-15 04,5.2
2020-05-15 05,4.625
2020-05-15 06,10.7625
2020-05-15 07,25.9375
2020-05-15 08,60.625
2020-05-15 09,66.7375
2020-05-15 10,54.275
2020-05-15 11,55.6625
2020-05-15 12,64.55
2020-05-15 13,66.1875
2020-05-15 14,74.3
2020-05-15 15,80.5625
2020-05-15 16,88.3375
2020-05-15 17,96.8875
2020-05-15 18,111.025
2020-05-15 19,112.15
2020-05-15 20,97.1125
2020-05-15 21,67
2020-05-15 22,50.6125
2020-05-15 23,44.8375
2020-05-16 00,44.5
2020-05-16 01,34.2875
2020-05-16 02,31.2
2020-05-16 03,22.0625
2020-05-16 04,15.8375
2020-05-16 05,9.2625
2020-05-16 06,9.8625
2020-05-16 07,10.4
2020-05-16 08,22.375
2020-05-16 09,37.95
2020-05-16 10,58.2875
2020-05-16 11,73.5
2020-05-16 12,82.0625
2020-05-16 13,83.75
2020-05-16 14,87.875
2020-05-16 15,100.3375
2020-05-16 16,103.525
2020-05-16 17,109.225
2020-05-16 18,114.675
2020-05-16 19,117.8125
2020-05-16 20,98.5375
2020-05-16 21,68.8125
2020-05-16 22,56.75
2020-05-16 23,50.9125
2020-05-17 00,51.6125
2020-05-17 01,44.375
2020-05-17 02,28.8375
2020-05-17 03,26.6
2020-05-17 04,15.7875
2020-05-17 05,10.7625
2020-05-17 06,7.2
2020-05-17 07,8.3375
2020-05-17 08,16.425
2020-05-17 09,26.9125
2020-05-17 10,45.85
2020-05-17 11,63.6
2020-05-17 12,80.075
2020-05-17 13,76.7
2020-05-17 14,80.375
2020-05-17 15,95.675
2020-05-17 16,99.7625
2020-05-17 17,109.325
2020-05-17 18,110.4125
2020-05-17 19,109.1
2020-05-17 20,89.4125
2020-05-17 21,64.925
2020-05-17 22,51.4125
2020-05-17 23,42.3125
2020-05-18 00,27.5375
2020-05-18 01,17.2875
2020-05-18 02,15.5375
2020-05-18 03,10.9
2020-05-18 04,8.3625
2020-05-18 05,5.85
2020-05-18 06,12.325
2020-05-18 07,32.875
2020-05-18 08,75.7625
2020-05-18 09,79.7625
2020-05-18 10,59
2020-05-18 11,57
2020-05-18 12,67.8375
2020-05-18 13,74.9125
2020-05-18 14,77.4625
2020-05-18 15,80.6625
2020-05-18 16,91.875
2020-05-18 17,101.2125
2020-05-18 18,118.075
2020-05-18 19,117.95
2020-05-18 20,93.8625
2020-05-18 21,62.8875
2020-05-18 22,28.9625
2020-05-18 23,46.2
2020-05-19 00,35.275
2020-05-19 01,18.6625
2020-05-19 02,15.2
2020-05-19 03,10.2375
2020-05-19 04,5.1375
2020-05-19 05,4.725
2020-05-19 06,16.4125
2020-05-19 07,36.7125
2020-05-19 08,82.5125
2020-05-19 09,89.275
2020-05-19 10,66.9375
2020-05-19 11,64.2
2020-05-19 12,74.9625
2020-05-19 13,81.9875
2020-05-19 14,83.25
2020-05-19 15,83.4125
2020-05-19 16,94.1875
2020-05-19 17,107.6875
2020-05-19 18,126.4625
2020-05-19 19,126.75
2020-05-19 20,102.0625
2020-05-19 21,68.4875
2020-05-19 22,60.3625
2020-05-19 23,55.175
2020-05-20 00,41.6625
2020-05-20 01,24.7375
2020-05-20 02,16.725
2020-05-20 03,12.2375
2020-05-20 04,6.325
2020-05-20 05,6.5125
2020-05-20 06,13.125
2020-05-20 07,35.5125
2020-05-20 08,81.1125
2020-05-20 09,89.8125
2020-05-20 10,72.45
2020-05-20 11,66.925
2020-05-20 12,75.7625
2020-05-20 13,82.45
2020-05-20 14,84.7375
2020-05-20 15,88.55
2020-05-20 16,92.2625
2020-05-20 17,106.35
2020-05-20 18,123.15
2020-05-20 19,129.9875
2020-05-20 20,110.4125
2020-05-20 21,79.3375
2020-05-20 22,65.9875
2020-05-20 23,65.0375
2020-05-21 00,62.575
2020-05-21 01,47.2
2020-05-21 02,39.1625
2020-05-21 03,23.075
2020-05-21 04,13.525
2020-05-21 05,9.075
2020-05-21 06,11.9625
2020-05-21 07,17.425
2020-05-21 08,31.0625
2020-05-21 09,52.5875
2020-05-21 10,69.275
2020-05-21 11,79.225
2020-05-21 12,89.575
2020-05-21 13,88.1125
2020-05-21 14,90.6375
2020-05-21 15,96.725
2020-05-21 16,95.275
2020-05-21 17,106.475
2020-05-21 18,118.1375
2020-05-21 19,123.125
2020-05-21 20,100.625
2020-05-21 21,81.4375
2020-05-21 22,73.95
2020-05-21 23,69.9125
2020-05-22 00,56.2
2020-05-22 01,41.425
2020-05-22 02,31.0125
2020-05-22 03,17.925
2020-05-22 04,10.175
2020-05-22 05,8.275
2020-05-22 06,12.0875
2020-05-22 07,22.225
2020-05-22 08,50.5125
2020-05-22 09,67.5375
2020-05-22 10,70.1
2020-05-22 11,75.5875
2020-05-22 12,86.3125
2020-05-22 13,83.6625
2020-05-22 14,92.5375
2020-05-22 15,99.9
2020-05-22 16,107.5
2020-05-22 17,110.4875
2020-05-22 18,107.1875
2020-05-22 19,106.5125
2020-05-22 20,86.8625
2020-05-22 21,65
2020-05-22 22,55.025
2020-05-22 23,51.2875
2020-05-23 00,46.625
2020-05-23 01,39.1875
2020-05-23 02,35
2020-05-23 03,26.675
2020-05-23 04,17.3375
2020-05-23 05,12
2020-05-23 06,8.425
2020-05-23 07,5.5
2020-05-23 08,13.95
2020-05-23 09,30.6125
2020-05-23 10,54.9875
2020-05-23 11,67.7875
2020-05-23 12,80.1125
2020-05-23 13,81.1625
2020-05-23 14,88.3125
2020-05-23 15,98.65
2020-05-23 16,108.775
2020-05-23 17,107.575
2020-05-23 18,115.05
2020-05-23 19,115.8875
2020-05-23 20,105.125
2020-05-23 21,79.6875
2020-05-23 22,68.625
2020-05-23 23,58.05
2020-05-24 00,57.675
2020-05-24 01,52.65
2020-05-24 02,38.5875
2020-05-24 03,31.3375
2020-05-24 04,20.225
2020-05-24 05,13.8
2020-05-24 06,10.9
2020-05-24 07,10.4875
2020-05-24 08,20.0375
2020-05-24 09,35.8375
2020-05-24 10,54.6875
2020-05-24 11,67.95
2020-05-24 12,81.475
2020-05-24 13,78.0125
2020-05-24 14,80.95
2020-05-24 15,91.9375
2020-05-24 16,96.2125
2020-05-24 17,104.7375
2020-05-24 18,111.1125
2020-05-24 19,111.275
2020-05-24 20,95.4375
2020-05-24 21,77.15
2020-05-24 22,62.4875
2020-05-24 23,51.325
2020-05-25 00,34.3875
2020-05-25 01,19.575
2020-05-25 02,16.35
2020-05-25 03,10.6125
2020-05-25 04,8.2125
2020-05-25 05,7.0625
2020-05-25 06,12.3375
2020-05-25 07,36.3
2020-05-25 08,80.825
2020-05-25 09,90.4375
2020-05-25 10,64.925
2020-05-25 11,65.85
2020-05-25 12,72.5
2020-05-25 13,79.475
2020-05-25 14,81.1375
2020-05-25 15,84.675
2020-05-25 16,91.9
2020-05-25 17,108.3875
2020-05-25 18,129.375
2020-05-25 19,132.4
2020-05-25 20,103.75
2020-05-25 21,74.3875
2020-05-25 22,63.75
2020-05-25 23,54.3375
2020-05-26 00,42.325
2020-05-26 01,26.4125
2020-05-26 02,20.075
2020-05-26 03,11.1
2020-05-26 04,7.2375
2020-05-26 05,7
2020-05-26 06,13.65
2020-05-26 07,41.325
2020-05-26 08,93
2020-05-26 09,97.675
2020-05-26 10,70.3
2020-05-26 11,67.8875
2020-05-26 12,82.45
2020-05-26 13,85.15
2020-05-26 14,85.7875
2020-05-26 15,89.4625
2020-05-26 16,96.25
2020-05-26 17,111.7875
2020-05-26 18,129.55
2020-05-26 19,135.2
2020-05-26 20,114.7375
2020-05-26 21,82.7375
2020-05-26 22,73.9625
2020-05-26 23,71.1375
2020-05-27 00,55.725
2020-05-27 01,35.375
2020-05-27 02,25.1625
2020-05-27 03,15.3875
2020-05-27 04,11.3
2020-05-27 05,7.575
2020-05-27 06,16.8125
2020-05-27 07,40.825
2020-05-27 08,89.425
2020-05-27 09,98.3625
2020-05-27 10,69.9375
2020-05-27 11,72.3625
2020-05-27 12,82.7875
2020-05-27 13,87.2875
2020-05-27 14,89.0125
2020-05-27 15,89.8125
2020-05-27 16,93.7
2020-05-27 17,106.7
2020-05-27 18,132.025
2020-05-27 19,138.575
2020-05-27 20,114.2625
2020-05-27 21,83.55
2020-05-27 22,80.7
2020-05-27 23,77.425
2020-05-28 00,61.125
2020-05-28 01,37.8625
2020-05-28 02,29.525
2020-05-28 03,20.275
2020-05-28 04,12.125
2020-05-28 05,7.775
2020-05-28 06,14.3625
2020-05-28 07,40.8875
2020-05-28 08,89.75
2020-05-28 09,100.1375
2020-05-28 10,73.3
2020-05-28 11,72.1625
2020-05-28 12,84.725
2020-05-28 13,90.6875
2020-05-28 14,91.6875
2020-05-28 15,92.0125
2020-05-28 16,100.95
2020-05-28 17,108.8625
2020-05-28 18,133.575
2020-05-28 19,143.825
2020-05-28 20,116.0625
2020-05-28 21,86.5625
2020-05-28 22,86.55
2020-05-28 23,79.1375
2020-05-29 00,67.7375
2020-05-29 01,41.775
2020-05-29 02,28.3125
2020-05-29 03,17.8
2020-05-29 04,11.7
2020-05-29 05,8.1875
2020-05-29 06,13.3125
2020-05-29 07,34.8
2020-05-29 08,80.6125
2020-05-29 09,92.975
2020-05-29 10,70.6375
2020-05-29 11,73.6
2020-05-29 12,83.025
2020-05-29 13,88.4
2020-05-29 14,86.525
2020-05-29 15,98.2625
2020-05-29 16,104.925
2020-05-29 17,118.6
2020-05-29 18,136.575
2020-05-29 19,137.75
2020-05-29 20,118.7625
2020-05-29 21,91.0125
2020-05-29 22,76.85
2020-05-29 23,78.925
2020-05-30 00,73.025
2020-05-30 01,65.85
2020-05-30 02,53.25
2020-05-30 03,37.6875
2020-05-30 04,26.8875
2020-05-30 05,18.3375
2020-05-30 06,11.4375
2020-05-30 07,15.4
2020-05-30 08,30.675
2020-05-30 09,51.7375
2020-05-30 10,76.8875
2020-05-30 11,88.075
2020-05-30 12,99.7625
2020-05-30 13,99.825
2020-05-30 14,101.6625
2020-05-30 15,110.6
2020-05-30 16,113.075
2020-05-30 17,115.7
2020-05-30 18,128.675
2020-05-30 19,134.3
2020-05-30 20,117.1
2020-05-30 21,94.2125
2020-05-30 22,83.85
2020-05-30 23,79.075
2020-05-31 00,77.55
2020-05-31 01,70.6875
2020-05-31 02,49.7375
2020-05-31 03,36.25
2020-05-31 04,27.6375
2020-05-31 05,17.55
2020-05-31 06,10.4375
2020-05-31 07,11.7875
2020-05-31 08,24.1375
2020-05-31 09,42.15
2020-05-31 10,63.0875
2020-05-31 11,78.55
2020-05-31 12,92.375
2020-05-31 13,87.6875
2020-05-31 14,87.2375
2020-05-31 15,95.9125
2020-05-31 16,105.975
2020-05-31 17,112.325
2020-05-31 18,123.6
2020-05-31 19,126.8
2020-05-31 20,111.7125
2020-05-31 21,88.3125
2020-05-31 22,76.575
2020-05-31 23,66.6125
2020-06-01 00,51.675
2020-06-01 01,38.2
2020-06-01 02,29.825
2020-06-01 03,20.4125
2020-06-01 04,15.5875
2020-06-01 05,6.9375
2020-06-01 06,8.3625
2020-06-01 07,16
2020-06-01 08,45.975
2020-06-01 09,62.7125
2020-06-01 10,71.7125
2020-06-01 11,79.6625
2020-06-01 12,92.5875
2020-06-01 13,93.5625
2020-06-01 14,96.875
2020-06-01 15,106.575
2020-06-01 16,109.95
2020-06-01 17,119.0375
2020-06-01 18,133.6625
2020-06-01 19,134.675
2020-06-01 20,106.225
2020-06-01 21,91.225
2020-06-01 22,83.2875
2020-06-01 23,70.3875
2020-06-02 00,51.85
2020-06-02 01,29.15
2020-06-02 02,25.75
2020-06-02 03,14.7
2020-06-02 04,8.975
2020-06-02 05,8.025
2020-06-02 06,20.8125
2020-06-02 07,48.575
2020-06-02 08,112.125
2020-06-02 09,112.8
2020-06-02 10,74.4875
2020-06-02 11,71.4125
2020-06-02 12,82.1625
2020-06-02 13,86.85
2020-06-02 14,89.9125
2020-06-02 15,89.3875
2020-06-02 16,96.2
2020-06-02 17,114.3375
2020-06-02 18,147.525
2020-06-02 19,151.1625
2020-06-02 20,122.8375
2020-06-02 21,99.2375
2020-06-02 22,96.525
2020-06-02 23,96.525
2020-06-03 00,80.0875
2020-06-03 01,48.8125
2020-06-03 02,36.2375
2020-06-03 03,19.4
2020-06-03 04,12.025
2020-06-03 05,9.8875
2020-06-03 06,17.4625
2020-06-03 07,49.0875
2020-06-03 08,106.9875
2020-06-03 09,110.45
2020-06-03 10,75.425
2020-06-03 11,72.8625
2020-06-03 12,90.9125
2020-06-03 13,92.1625
2020-06-03 14,85.6125
2020-06-03 15,93.1375
2020-06-03 16,98.125
2020-06-03 17,115.275
2020-06-03 18,142.375
2020-06-03 19,150.8875
2020-06-03 20,126.6125
2020-06-03 21,74.325
2020-06-03 22,23.5125
2020-06-03 23,34.1625
2020-06-04 00,41.7375
2020-06-04 01,18.6875
2020-06-04 02,19.95
2020-06-04 03,12.275
2020-06-04 04,7.5625
2020-06-04 05,5.275
2020-06-04 06,11.6375
2020-06-04 07,19.975
2020-06-04 08,54.9875
2020-06-04 09,70.7375
2020-06-04 10,45.5
2020-06-04 11,43.0875
2020-06-04 12,58.725
2020-06-04 13,73.8375
2020-06-04 14,78.375
2020-06-04 15,81.35
2020-06-04 16,88.4125
2020-06-04 17,99.95
2020-06-04 18,122.0125
2020-06-04 19,123.675
2020-06-04 20,98.2375
2020-06-04 21,71.6875
2020-06-04 22,61.825
2020-06-04 23,66.4875
2020-06-05 00,54.6375
2020-06-05 01,34.875
2020-06-05 02,27.8125
2020-06-05 03,16.475
2020-06-05 04,10.1875
2020-06-05 05,7.75
2020-06-05 06,14.1625
2020-06-05 07,38.475
2020-06-05 08,87.8125
2020-06-05 09,97.4
2020-06-05 10,64.3125
2020-06-05 11,63.55
2020-06-05 12,75.4375
2020-06-05 13,80.4375
2020-06-05 14,82.7125
2020-06-05 15,89.55
2020-06-05 16,99.5375
2020-06-05 17,114.4
2020-06-05 18,129.5
2020-06-05 19,130.85
2020-06-05 20,100.375
2020-06-05 21,69.6
2020-06-05 22,63.0875
2020-06-05 23,59.9
2020-06-06 00,58.6125
2020-06-06 01,56.675
2020-06-06 02,46.025
2020-06-06 03,34.8875
2020-06-06 04,23.8375
2020-06-06 05,15.4125
2020-06-06 06,14.9875
2020-06-06 07,11.8
2020-06-06 08,27.5625
2020-06-06 09,48.1875
2020-06-06 10,68.6875
2020-06-06 11,83.75
2020-06-06 12,95.0125
2020-06-06 13,92.3
2020-06-06 14,97.65
2020-06-06 15,109.55
2020-06-06 16,111.175
2020-06-06 17,114.275
2020-06-06 18,116.675
2020-06-06 19,129
2020-06-06 20,118.025
2020-06-06 21,91.8625
2020-06-06 22,78.2
2020-06-06 23,70.275
2020-06-07 00,69.025
2020-06-07 01,65.725
2020-06-07 02,47.65
2020-06-07 03,36.975
2020-06-07 04,26.1875
2020-06-07 05,22.3125
2020-06-07 06,11.4625
2020-06-07 07,11.1875
2020-06-07 08,20.275
2020-06-07 09,34.3
2020-06-07 10,54.0875
2020-06-07 11,73.4875
2020-06-07 12,86.725
2020-06-07 13,80.225
2020-06-07 14,80.3625
2020-06-07 15,92.4625
2020-06-07 16,104.375
2020-06-07 17,105.3875
2020-06-07 18,107.625
2020-06-07 19,108.4375
2020-06-07 20,89.175
2020-06-07 21,78.6125
2020-06-07 22,66.9
2020-06-07 23,56.1375
2020-06-08 00,38.4625
2020-06-08 01,24.2625
2020-06-08 02,20.2
2020-06-08 03,14.0375
2020-06-08 04,11.0625
2020-06-08 05,9.5875
2020-06-08 06,14.55
2020-06-08 07,45.3
2020-06-08 08,105.0625
2020-06-08 09,106.3125
2020-06-08 10,68.1625
2020-06-08 11,63.275
2020-06-08 12,75.8625
2020-06-08 13,81.15
2020-06-08 14,82.6
2020-06-08 15,81.35
2020-06-08 16,90.95
2020-06-08 17,105.85
2020-06-08 18,130.1
2020-06-08 19,137.1
2020-06-08 20,111.6
2020-06-08 21,76.5125
2020-06-08 22,64.975
2020-06-08 23,62.3
2020-06-09 00,45.5625
2020-06-09 01,27.6625
2020-06-09 02,20.8125
2020-06-09 03,11.5875
2020-06-09 04,6.775
2020-06-09 05,7.8375
2020-06-09 06,17.6125
2020-06-09 07,48.7
2020-06-09 08,114.925
2020-06-09 09,114.925
2020-06-09 10,72.725
2020-06-09 11,65.55
2020-06-09 12,81.525
2020-06-09 13,85.8375
2020-06-09 14,83.75
2020-06-09 15,83.45
2020-06-09 16,95.7375
2020-06-09 17,111.075
2020-06-09 18,143
2020-06-09 19,154.7625
2020-06-09 20,126
2020-06-09 21,90.4375
2020-06-09 22,85
2020-06-09 23,79.35
2020-06-10 00,63.1125
2020-06-10 01,39.35
2020-06-10 02,28.6625
2020-06-10 03,13.4625
2020-06-10 04,7.9125
2020-06-10 05,7.825
2020-06-10 06,18.05
2020-06-10 07,48.65
2020-06-10 08,108.15
2020-06-10 09,117.0625
2020-06-10 10,73.6375
2020-06-10 11,73.575
2020-06-10 12,91.5875
2020-06-10 13,92.4875
2020-06-10 14,92.7125
2020-06-10 15,91.95
2020-06-10 16,96.5875
2020-06-10 17,114.8125
2020-06-10 18,148.2125
2020-06-10 19,153.7
2020-06-10 20,118.025
2020-06-10 21,84.175
2020-06-10 22,82.075
2020-06-10 23,66.1125
2020-06-11 00,50.7375
2020-06-11 01,31.8625
2020-06-11 02,24.7375
2020-06-11 03,14.7125
2020-06-11 04,9.225
2020-06-11 05,7.475
2020-06-11 06,16.875
2020-06-11 07,46.575
2020-06-11 08,114.3
2020-06-11 09,119.425
2020-06-11 10,75.75
2020-06-11 11,71.125
2020-06-11 12,86.4625
2020-06-11 13,92.7
2020-06-11 14,91.9125
2020-06-11 15,89.625
2020-06-11 16,98.6125
2020-06-11 17,116.4625
2020-06-11 18,141.4125
2020-06-11 19,155.05
2020-06-11 20,129.9625
2020-06-11 21,55.9
2020-06-11 22,63.1375
2020-06-11 23,43.225
2020-06-12 00,43.3
2020-06-12 01,34.175
2020-06-12 02,26.9625
2020-06-12 03,13.6875
2020-06-12 04,8.275
2020-06-12 05,8.025
2020-06-12 06,13.8125
2020-06-12 07,24.525
2020-06-12 08,67.175
2020-06-12 09,68.5875
2020-06-12 10,50.35
2020-06-12 11,57.0625
2020-06-12 12,73.275
2020-06-12 13,79.9875
2020-06-12 14,84.75
2020-06-12 15,91.8125
2020-06-12 16,102.9125
2020-06-12 17,117.5375
2020-06-12 18,132.675
2020-06-12 19,133.8625
2020-06-12 20,121.1875
2020-06-12 21,96.1
2020-06-12 22,81.2
2020-06-12 23,74.0875
2020-06-13 00,71.975
2020-06-13 01,68.6625
2020-06-13 02,59.5625
2020-06-13 03,41.7125
2020-06-13 04,27.9875
2020-06-13 05,19.8125
2020-06-13 06,14.325
2020-06-13 07,17.5625
2020-06-13 08,33.675
2020-06-13 09,50.15
2020-06-13 10,76.925
2020-06-13 11,91.1375
2020-06-13 12,104.875
2020-06-13 13,104.8
2020-06-13 14,109.075
2020-06-13 15,106.9875
2020-06-13 16,118.7875
2020-06-13 17,124.7125
2020-06-13 18,129.275
2020-06-13 19,134.5
2020-06-13 20,124.9
2020-06-13 21,99.5625
2020-06-13 22,85.55
2020-06-13 23,82.775
2020-06-14 00,82.325
2020-06-14 01,76.6875
2020-06-14 02,58.0125
2020-06-14 03,43.075
2020-06-14 04,30.55
2020-06-14 05,20.6125
2020-06-14 06,12.525
2020-06-14 07,12.625
2020-06-14 08,23.2375
2020-06-14 09,39
2020-06-14 10,60.775
2020-06-14 11,77.025
2020-06-14 12,93.575
2020-06-14 13,88.8875
2020-06-14 14,91.3875
2020-06-14 15,106.2125
2020-06-14 16,112.5
2020-06-14 17,118.525
2020-06-14 18,120.9625
2020-06-14 19,121.2875
2020-06-14 20,102.9125
2020-06-14 21,87.3375
2020-06-14 22,78.5375
2020-06-14 23,65.65
2020-06-15 00,44.4875
2020-06-15 01,27.7375
2020-06-15 02,22.0875
2020-06-15 03,16.0875
2020-06-15 04,12.7875
2020-06-15 05,8.575
2020-06-15 06,14.6125
2020-06-15 07,45.8375
2020-06-15 08,109.925
2020-06-15 09,114.775
2020-06-15 10,69.45
2020-06-15 11,66.675
2020-06-15 12,77.55
2020-06-15 13,88.125
2020-06-15 14,88.4625
2020-06-15 15,88.7875
2020-06-15 16,98.15
2020-06-15 17,115.7875
2020-06-15 18,143.25
2020-06-15 19,154.3125
2020-06-15 20,116.9125
2020-06-15 21,90.625
2020-06-15 22,79.925
2020-06-15 23,76.375
2020-06-16 00,58.0375
2020-06-16 01,34.875
2020-06-16 02,27.3875
2020-06-16 03,14.4
2020-06-16 04,9.4
2020-06-16 05,8.95
2020-06-16 06,15.8625
2020-06-16 07,52.075
2020-06-16 08,118.9
2020-06-16 09,121.3125
2020-06-16 10,76.775
2020-06-16 11,70.025
2020-06-16 12,86.6625
2020-06-16 13,89.6875
2020-06-16 14,90.875
2020-06-16 15,93.6875
2020-06-16 16,101.7125
2020-06-16 17,116.225
2020-06-16 18,149.0375
2020-06-16 19,156.6
2020-06-16 20,125.1375
2020-06-16 21,90.6375
2020-06-16 22,86.75
2020-06-16 23,91.7625
2020-06-17 00,72.3
2020-06-17 01,45.9
2020-06-17 02,33.2625
2020-06-17 03,18.7625
2020-06-17 04,11.3125
2020-06-17 05,9.0375
2020-06-17 06,20.25
2020-06-17 07,50.9625
2020-06-17 08,116.375
2020-06-17 09,121.55
2020-06-17 10,76.425
2020-06-17 11,72.1625
2020-06-17 12,90.6375
2020-06-17 13,90.7625
2020-06-17 14,92.05
2020-06-17 15,94.375
2020-06-17 16,100.125
2020-06-17 17,117.8125
2020-06-17 18,152.4375
2020-06-17 19,160.05
2020-06-17 20,127.325
2020-06-17 21,92.15
2020-06-17 22,88.4125
2020-06-17 23,92.8625
2020-06-18 00,78.4
2020-06-18 01,48.3875
2020-06-18 02,31.0875
2020-06-18 03,18.85
2020-06-18 04,13.375
2020-06-18 05,10.8375
2020-06-18 06,17.5625
2020-06-18 07,52.8875
2020-06-18 08,118.75
2020-06-18 09,117.7125
2020-06-18 10,78.775
2020-06-18 11,72.6375
2020-06-18 12,89.7125
2020-06-18 13,93.8625
2020-06-18 14,94.425
2020-06-18 15,93.7375
2020-06-18 16,102.9625
2020-06-18 17,118.1
2020-06-18 18,140.8625
2020-06-18 19,148.7125
2020-06-18 20,127.45
2020-06-18 21,93.2625
2020-06-18 22,89.1
2020-06-18 23,91.575
2020-06-19 00,77.9875
2020-06-19 01,50.9625
2020-06-19 02,36.1625
2020-06-19 03,20.4
2020-06-19 04,11.4
2020-06-19 05,10.2
2020-06-19 06,16.575
2020-06-19 07,44.8125
2020-06-19 08,102.1
2020-06-19 09,112.1875
2020-06-19 10,77.7375
2020-06-19 11,76.55
2020-06-19 12,90.6
2020-06-19 13,89.3375
2020-06-19 14,92.625
2020-06-19 15,97.65
2020-06-19 16,108.7125
2020-06-19 17,118.85
2020-06-19 18,133.65
2020-06-19 19,137.525
2020-06-19 20,122.925
2020-06-19 21,96.4125
2020-06-19 22,82.3625
2020-06-19 23,82.2375
2020-06-20 00,82.1625
2020-06-20 01,78.0625
2020-06-20 02,66.225
2020-06-20 03,46.8
2020-06-20 04,33.9375
2020-06-20 05,21.1
2020-06-20 06,15.85
2020-06-20 07,18.575
2020-06-20 08,34.3875
2020-06-20 09,55.8
2020-06-20 10,80.4125
2020-06-20 11,94.5125
2020-06-20 12,100.2
2020-06-20 13,102.425
2020-06-20 14,107.4
2020-06-20 15,117.6875
2020-06-20 16,118.2625
2020-06-20 17,120.45
2020-06-20 18,130.8
2020-06-20 19,130.5625
2020-06-20 20,116.3
2020-06-20 21,99.7375
2020-06-20 22,88.125
2020-06-20 23,87.4375
2020-06-21 00,86.975
2020-06-21 01,83.1125
2020-06-21 02,66.8875
2020-06-21 03,47.6625
2020-06-21 04,34.775
2020-06-21 05,22.05
2020-06-21 06,13.9625
2020-06-21 07,13.9
2020-06-21 08,22.25
2020-06-21 09,39.425
2020-06-21 10,60.3625
2020-06-21 11,76.85
2020-06-21 12,92
2020-06-21 13,88.6875
2020-06-21 14,87.2375
2020-06-21 15,32.8625
2020-06-21 18,130.95
2020-06-21 19,87.6625
2020-06-21 20,84.375
2020-06-21 21,86.7875
2020-06-21 22,93.2375
2020-06-21 23,88.7875
2020-06-22 00,77.175
2020-06-22 01,62.4
2020-06-22 02,54.2375
2020-06-22 03,42.9375
2020-06-22 04,29.975
2020-06-22 05,18.45
2020-06-22 06,17.9
2020-06-22 07,49.1125
2020-06-22 08,112.0375
2020-06-22 09,117.7375
2020-06-22 10,71.6875
2020-06-22 11,69.25
2020-06-22 12,84.9625
2020-06-22 13,87.0625
2020-06-22 14,86.2375
2020-06-22 15,91.1625
2020-06-22 16,98.775
2020-06-22 17,116.2875
2020-06-22 18,147.625
2020-06-22 19,157.475
2020-06-22 20,122.5375
2020-06-22 21,96.525
2020-06-22 22,89.475
2020-06-22 23,82.2125
2020-06-23 00,60.1125
2020-06-23 01,35.65
2020-06-23 02,24.4375
2020-06-23 03,13.55
2020-06-23 04,8.4875
2020-06-23 05,8.4625
2020-06-23 06,18.05
2020-06-23 07,57.6625
2020-06-23 08,130.0375
2020-06-23 09,121.0375
2020-06-23 10,76.1375
2020-06-23 11,71.075
2020-06-23 12,91.3875
2020-06-23 13,93.95
2020-06-23 14,94.9125
2020-06-23 15,94.175
2020-06-23 16,102.175
2020-06-23 17,120.45
2020-06-23 18,154
2020-06-23 19,161.05
2020-06-23 20,130.9375
2020-06-23 21,98.875
2020-06-23 22,102.3375
2020-06-23 23,103.375
2020-06-24 00,80.8125
2020-06-24 01,49.25
2020-06-24 02,35.0375
2020-06-24 03,19.9
2020-06-24 04,12.25
2020-06-24 05,10.7875
2020-06-24 06,19.675
2020-06-24 07,55.95
2020-06-24 08,125.4125
2020-06-24 09,119.3625
2020-06-24 10,81.2625
2020-06-24 11,77.675
2020-06-24 12,92.8125
2020-06-24 13,88.55
2020-06-24 14,92.2125
2020-06-24 15,89.6125
2020-06-24 16,96.05
2020-06-24 17,112.225
2020-06-24 18,148.7375
2020-06-24 19,156.725
2020-06-24 20,133.1375
2020-06-24 21,101.675
2020-06-24 22,100.1
2020-06-24 23,108.5
2020-06-25 00,87.725
2020-06-25 01,56.875
2020-06-25 02,35.65
2020-06-25 03,20.9
2020-06-25 04,12.8
2020-06-25 05,10.95
2020-06-25 06,19.4375
2020-06-25 07,55.2875
2020-06-25 08,125.9375
2020-06-25 09,121.55
2020-06-25 10,78.9625
2020-06-25 11,73.15
2020-06-25 12,87.7875
2020-06-25 13,90.925
2020-06-25 14,89.7625
2020-06-25 15,90.575
2020-06-25 16,98.8375
2020-06-25 17,117.25
2020-06-25 18,143.3
2020-06-25 19,153.3125
2020-06-25 20,129.2875
2020-06-25 21,102.475
2020-06-25 22,99.6125
2020-06-25 23,104.825
2020-06-26 00,90.3125
2020-06-26 01,62.8875
2020-06-26 02,44.075
2020-06-26 03,24.5
2020-06-26 04,14.1375
2020-06-26 05,13.475
2020-06-26 06,19
2020-06-26 07,50.25
2020-06-26 08,106.8375
2020-06-26 09,108.5625
2020-06-26 10,67.3
2020-06-26 11,75.025
2020-06-26 12,91.7375
2020-06-26 13,91.35
2020-06-26 14,95.6375
2020-06-26 15,98.4
2020-06-26 16,106.55
2020-06-26 17,119.8625
2020-06-26 18,141.5875
2020-06-26 19,137.2125
2020-06-26 20,117.3875
2020-06-26 21,97.975
2020-06-26 22,89.675
2020-06-26 23,86.8
2020-06-27 00,86.525
2020-06-27 01,69.9
2020-06-27 02,61.675
2020-06-27 03,40.8875
2020-06-27 04,31.8125
2020-06-27 05,21.4
2020-06-27 06,15.1125
2020-06-27 07,21.0125
2020-06-27 08,37.5875
2020-06-27 09,61
2020-06-27 10,81.1875
2020-06-27 11,93.5125
2020-06-27 12,104.0625
2020-06-27 13,100.075
2020-06-27 14,103.4
2020-06-27 15,115.475
2020-06-27 16,110.8625
2020-06-27 17,121.05
2020-06-27 18,124.5125
2020-06-27 19,105.1375
2020-06-27 20,102.125
2020-06-27 21,90.4875
2020-06-27 22,77.975
2020-06-27 23,75.7875
2020-06-28 00,77.1
2020-06-28 01,72.475
2020-06-28 02,64.7375
2020-06-28 03,42.5625
2020-06-28 04,29.7375
2020-06-28 05,21.2875
2020-06-28 06,17.375
2020-06-28 07,17.7375
2020-06-28 08,26.9875
2020-06-28 09,44.5625
2020-06-28 10,64.65
2020-06-28 11,79.2
2020-06-28 12,94.8125
2020-06-28 13,92.7875
2020-06-28 14,95.4625
2020-06-28 15,108.9125
2020-06-28 16,113.8375
2020-06-28 17,118.05
2020-06-28 18,122.9375
2020-06-28 19,123.95
2020-06-28 20,103.8125
2020-06-28 21,92.675
2020-06-28 22,85.25
2020-06-28 23,71.6375
