date,count
2020-01-01 00,11.57
2020-01-01 01,17.83
2020-01-01 02,11.33
2020-01-01 03,7.35
2020-01-01 04,4.43
2020-01-01 05,3.14
2020-01-01 06,2.36
2020-01-01 07,3.96
2020-01-01 08,3.98
2020-01-01 09,5.74
2020-01-01 10,8.57
2020-01-01 11,12.56
2020-01-01 12,16.19
2020-01-01 13,17.86
2020-01-01 14,17.7
2020-01-01 15,19.1
2020-01-01 16,18.95
2020-01-01 17,13.73
2020-01-01 18,11.89
2020-01-01 19,9.17
2020-01-01 20,8.71
2020-01-01 21,7.86
2020-01-01 22,6.26
2020-01-01 23,4.85
2020-01-02 00,3.67
2020-01-02 01,2.32
2020-01-02 02,1.01
2020-01-02 03,1.45
2020-01-02 04,1.57
2020-01-02 05,1.98
2020-01-02 06,5.1
2020-01-02 07,16.18
2020-01-02 08,34.05
2020-01-02 09,29.51
2020-01-02 10,17.54
2020-01-02 11,17.98
2020-01-02 12,22.62
2020-01-02 13,23.5
2020-01-02 14,20.8
2020-01-02 15,21.81
2020-01-02 16,25.65
2020-01-02 17,36.67
2020-01-02 18,33.7
2020-01-02 19,20.48
2020-01-02 20,14.57
2020-01-02 21,12.7
2020-01-02 22,9.65
2020-01-02 23,7.15
2020-01-03 00,4.14
2020-01-03 01,2.11
2020-01-03 02,0.81
2020-01-03 03,1.5
2020-01-03 04,1.38
2020-01-03 05,2.1
2020-01-03 06,4.62
2020-01-03 07,14.04
2020-01-03 08,32.4
2020-01-03 09,31.35
2020-01-03 10,17.45
2020-01-03 11,16.94
2020-01-03 12,20.87
2020-01-03 13,23.9
2020-01-03 14,21.9
2020-01-03 15,23.14
2020-01-03 16,29.42
2020-01-03 17,35.63
2020-01-03 18,30.93
2020-01-03 19,18.31
2020-01-03 20,15.1
2020-01-03 21,11.39
2020-01-03 22,9.73
2020-01-03 23,7.12
2020-01-04 00,5.75
2020-01-04 01,3.7
2020-01-04 02,2.3
2020-01-04 03,1.55
2020-01-04 04,1.36
2020-01-04 05,1.36
2020-01-04 06,1.61
2020-01-04 07,3.73
2020-01-04 08,8.49
2020-01-04 09,13.32
2020-01-04 10,18.46
2020-01-04 11,21.73
2020-01-04 12,25.3
2020-01-04 13,26.23
2020-01-04 14,26.98
2020-01-04 15,28.62
2020-01-04 16,25.26
2020-01-04 17,22.19
2020-01-04 18,17.98
2020-01-04 19,14.46
2020-01-04 20,13.4
2020-01-04 21,9.39
2020-01-04 22,9.38
2020-01-04 23,8.23
2020-01-05 00,6.38
2020-01-05 01,4.54
2020-01-05 02,2.38
2020-01-05 03,1.94
2020-01-05 04,1.68
2020-01-05 05,1.52
2020-01-05 06,1.27
2020-01-05 07,3.42
2020-01-05 08,7.17
2020-01-05 09,12.31
2020-01-05 10,17.04
2020-01-05 11,19.89
2020-01-05 12,23.12
2020-01-05 13,24.39
2020-01-05 14,23.08
2020-01-05 15,24.52
2020-01-05 16,23.74
2020-01-05 17,20.26
2020-01-05 18,15.92
2020-01-05 19,12.08
2020-01-05 20,9.13
2020-01-05 21,8.89
2020-01-05 22,6.21
2020-01-05 23,4.42
2020-01-06 00,3.55
2020-01-06 01,1.87
2020-01-06 02,1.55
2020-01-06 03,1.15
2020-01-06 04,1.25
2020-01-06 05,2.13
2020-01-06 06,9.46
2020-01-06 07,28.23
2020-01-06 08,57.94
2020-01-06 09,47.25
2020-01-06 10,22.81
2020-01-06 11,16.08
2020-01-06 12,20.19
2020-01-06 13,21.63
2020-01-06 14,17.81
2020-01-06 15,18.7
2020-01-06 16,22.86
2020-01-06 17,42.18
2020-01-06 18,43.68
2020-01-06 19,29.13
2020-01-06 20,19.26
2020-01-06 21,12.9
2020-01-06 22,9.33
2020-01-06 23,5.25
2020-01-07 00,2.56
2020-01-07 01,1.67
2020-01-07 02,0.58
2020-01-07 03,0.48
2020-01-07 04,1.6
2020-01-07 05,2.37
2020-01-07 06,10.19
2020-01-07 07,30.75
2020-01-07 08,62.14
2020-01-07 09,50.94
2020-01-07 10,24.63
2020-01-07 11,17.26
2020-01-07 12,21.14
2020-01-07 13,22.74
2020-01-07 14,18.49
2020-01-07 15,20.07
2020-01-07 16,28.02
2020-01-07 17,48.86
2020-01-07 18,53.55
2020-01-07 19,33.23
2020-01-07 20,21.67
2020-01-07 21,16.07
2020-01-07 22,10.79
2020-01-07 23,6.02
2020-01-08 00,3.69
2020-01-08 01,2.64
2020-01-08 02,1.19
2020-01-08 03,0.85
2020-01-08 04,1.44
2020-01-08 05,2.54
2020-01-08 06,9.93
2020-01-08 07,29.64
2020-01-08 08,62.38
2020-01-08 09,52.52
2020-01-08 10,26.35
2020-01-08 11,18.74
2020-01-08 12,22.57
2020-01-08 13,22.43
2020-01-08 14,20.73
2020-01-08 15,22.02
2020-01-08 16,26.42
2020-01-08 17,44.9
2020-01-08 18,53.18
2020-01-08 19,33.21
2020-01-08 20,21.33
2020-01-08 21,15.39
2020-01-08 22,11.07
2020-01-08 23,6.45
2020-01-09 00,3.39
2020-01-09 01,1.83
2020-01-09 02,0.86
2020-01-09 03,1.13
2020-01-09 04,0.89
2020-01-09 05,2.45
2020-01-09 06,9.24
2020-01-09 07,28.67
2020-01-09 08,63.89
2020-01-09 09,54.44
2020-01-09 10,25.63
2020-01-09 11,17.71
2020-01-09 12,23.8
2020-01-09 13,24.52
2020-01-09 14,21.77
2020-01-09 15,10.88
2020-01-09 16,19.39
2020-01-09 17,42.08
2020-01-09 18,50.01
2020-01-09 19,31.23
2020-01-09 20,22.56
2020-01-09 21,17.54
2020-01-09 22,12.14
2020-01-09 23,6.44
2020-01-10 00,5.23
2020-01-10 01,2.3
2020-01-10 02,0.76
2020-01-10 03,1.54
2020-01-10 04,1.24
2020-01-10 05,2.08
2020-01-10 06,9.2
2020-01-10 07,26.73
2020-01-10 08,56.76
2020-01-10 09,51.45
2020-01-10 10,23.64
2020-01-10 11,19.68
2020-01-10 12,22.76
2020-01-10 13,24.58
2020-01-10 14,20.67
2020-01-10 15,22.75
2020-01-10 16,31.26
2020-01-10 17,44.39
2020-01-10 18,42.63
2020-01-10 19,28.31
2020-01-10 20,19.71
2020-01-10 21,16.67
2020-01-10 22,12.35
2020-01-10 23,10.4
2020-01-11 00,7.29
2020-01-11 01,5.54
2020-01-11 02,3.76
2020-01-11 03,2.44
2020-01-11 04,2.48
2020-01-11 05,2.18
2020-01-11 06,1.6
2020-01-11 07,4.85
2020-01-11 08,10.57
2020-01-11 09,18.01
2020-01-11 10,23.49
2020-01-11 11,26.4
2020-01-11 12,28.67
2020-01-11 13,29.25
2020-01-11 14,28.76
2020-01-11 15,27.14
2020-01-11 16,27.5
2020-01-11 17,25.96
2020-01-11 18,20.06
2020-01-11 19,18.07
2020-01-11 20,15.98
2020-01-11 21,12.52
2020-01-11 22,10.55
2020-01-11 23,9.8
2020-01-12 00,8.92
2020-01-12 01,6.35
2020-01-12 02,2.82
2020-01-12 03,2.7
2020-01-12 04,2.76
2020-01-12 05,2.14
2020-01-12 06,1.07
2020-01-12 07,3.39
2020-01-12 08,7.45
2020-01-12 09,13.52
2020-01-12 10,19.45
2020-01-12 11,25.0
2020-01-12 12,30.94
2020-01-12 13,28.79
2020-01-12 14,28.55
2020-01-12 15,29.44
2020-01-12 16,29.82
2020-01-12 17,24.7
2020-01-12 18,18.08
2020-01-12 19,13.93
2020-01-12 20,11.9
2020-01-12 21,9.67
2020-01-12 22,7.95
2020-01-12 23,5.62
2020-01-13 00,3.75
2020-01-13 01,2.62
2020-01-13 02,1.07
2020-01-13 03,1.19
2020-01-13 04,1.93
2020-01-13 05,2.63
2020-01-13 06,10.18
2020-01-13 07,28.15
2020-01-13 08,59.99
2020-01-13 09,53.18
2020-01-13 10,24.54
2020-01-13 11,19.63
2020-01-13 12,21.93
2020-01-13 13,23.13
2020-01-13 14,18.29
2020-01-13 15,18.38
2020-01-13 16,23.68
2020-01-13 17,42.76
2020-01-13 18,38.88
2020-01-13 19,21.26
2020-01-13 20,16.39
2020-01-13 21,11.05
2020-01-13 22,6.15
2020-01-13 23,4.05
2020-01-14 00,2.7
2020-01-14 01,1.85
2020-01-14 02,0.95
2020-01-14 03,0.61
2020-01-14 04,1.36
2020-01-14 05,2.79
2020-01-14 06,10.93
2020-01-14 07,31.61
2020-01-14 08,62.48
2020-01-14 09,49.1
2020-01-14 10,22.04
2020-01-14 11,14.74
2020-01-14 12,17.05
2020-01-14 13,16.31
2020-01-14 14,14.38
2020-01-14 15,12.99
2020-01-14 16,21.57
2020-01-14 17,39.9
2020-01-14 18,41.52
2020-01-14 19,27.23
2020-01-14 20,19.61
2020-01-14 21,15.44
2020-01-14 22,9.1
2020-01-14 23,4.75
2020-01-15 00,2.92
2020-01-15 01,1.64
2020-01-15 02,0.69
2020-01-15 03,0.89
2020-01-15 04,1.45
2020-01-15 05,2.31
2020-01-15 06,5.77
2020-01-15 07,18.98
2020-01-15 08,36.6
2020-01-15 09,32.04
2020-01-15 10,18.95
2020-01-15 11,15.33
2020-01-15 12,21.36
2020-01-15 13,21.23
2020-01-15 14,19.62
2020-01-15 15,19.79
2020-01-15 16,28.95
2020-01-15 17,44.95
2020-01-15 18,47.79
2020-01-15 19,31.92
2020-01-15 20,22.25
2020-01-15 21,17.52
2020-01-15 22,11.55
2020-01-15 23,7.0
2020-01-16 00,3.99
2020-01-16 01,2.8
2020-01-16 02,1.51
2020-01-16 03,1.61
2020-01-16 04,1.62
2020-01-16 05,2.95
2020-01-16 06,10.02
2020-01-16 07,28.62
2020-01-16 08,66.05
2020-01-16 09,54.19
2020-01-16 10,27.58
2020-01-16 11,20.93
2020-01-16 12,22.87
2020-01-16 13,23.68
2020-01-16 14,19.15
2020-01-16 15,19.99
2020-01-16 16,27.75
2020-01-16 17,42.54
2020-01-16 18,46.11
2020-01-16 19,23.14
2020-01-16 20,15.3
2020-01-16 21,14.07
2020-01-16 22,7.75
2020-01-16 23,4.76
2020-01-17 00,3.89
2020-01-17 01,2.58
2020-01-17 02,1.17
2020-01-17 03,1.1
2020-01-17 04,1.52
2020-01-17 05,2.8
2020-01-17 06,6.1
2020-01-17 07,24.67
2020-01-17 08,54.04
2020-01-17 09,50.54
2020-01-17 10,24.82
2020-01-17 11,18.92
2020-01-17 12,23.3
2020-01-17 13,24.37
2020-01-17 14,20.88
2020-01-17 15,21.62
2020-01-17 16,30.8
2020-01-17 17,42.81
2020-01-17 18,39.81
2020-01-17 19,27.92
2020-01-17 20,18.61
2020-01-17 21,15.0
2020-01-17 22,12.98
2020-01-17 23,9.6
2020-01-18 00,8.83
2020-01-18 01,6.15
2020-01-18 02,3.67
2020-01-18 03,2.38
2020-01-18 04,3.06
2020-01-18 05,2.74
2020-01-18 06,1.98
2020-01-18 07,4.49
2020-01-18 08,9.68
2020-01-18 09,16.87
2020-01-18 10,22.56
2020-01-18 11,27.46
2020-01-18 12,30.7
2020-01-18 13,32.23
2020-01-18 14,32.89
2020-01-18 15,32.67
2020-01-18 16,31.87
2020-01-18 17,27.4
2020-01-18 18,22.37
2020-01-18 19,18.05
2020-01-18 20,14.43
2020-01-18 21,12.37
2020-01-18 22,10.51
2020-01-18 23,9.83
2020-01-19 00,8.01
2020-01-19 01,5.82
2020-01-19 02,3.92
2020-01-19 03,2.74
2020-01-19 04,3.21
2020-01-19 05,1.83
2020-01-19 06,1.14
2020-01-19 07,3.25
2020-01-19 08,7.32
2020-01-19 09,13.57
2020-01-19 10,20.64
2020-01-19 11,26.75
2020-01-19 12,31.73
2020-01-19 13,36.64
2020-01-19 14,34.77
2020-01-19 15,34.77
2020-01-19 16,31.45
2020-01-19 17,25.18
2020-01-19 18,19.08
2020-01-19 19,14.68
2020-01-19 20,11.32
2020-01-19 21,9.43
2020-01-19 22,7.5
2020-01-19 23,6.6
2020-01-20 00,3.88
2020-01-20 01,3.23
2020-01-20 02,0.76
2020-01-20 03,1.36
2020-01-20 04,2.68
2020-01-20 05,3.02
2020-01-20 06,9.25
2020-01-20 07,27.89
2020-01-20 08,61.4
2020-01-20 09,52.44
2020-01-20 10,24.87
2020-01-20 11,17.64
2020-01-20 12,21.08
2020-01-20 13,23.1
2020-01-20 14,18.7
2020-01-20 15,20.08
2020-01-20 16,29.83
2020-01-20 17,47.49
2020-01-20 18,50.8
2020-01-20 19,35.42
2020-01-20 20,24.04
2020-01-20 21,19.33
2020-01-20 22,10.27
2020-01-20 23,5.76
2020-01-21 00,2.64
2020-01-21 01,1.92
2020-01-21 02,1.01
2020-01-21 03,0.9
2020-01-21 04,1.51
2020-01-21 05,2.51
2020-01-21 06,10.12
2020-01-21 07,30.45
2020-01-21 08,62.95
2020-01-21 09,53.42
2020-01-21 10,26.52
2020-01-21 11,19.25
2020-01-21 12,22.85
2020-01-21 13,23.87
2020-01-21 14,19.36
2020-01-21 15,20.74
2020-01-21 16,30.13
2020-01-21 17,46.24
2020-01-21 18,51.15
2020-01-21 19,33.4
2020-01-21 20,23.54
2020-01-21 21,17.13
2020-01-21 22,13.46
2020-01-21 23,6.98
2020-01-22 00,3.57
2020-01-22 01,1.96
2020-01-22 02,0.71
2020-01-22 03,0.94
2020-01-22 04,0.93
2020-01-22 05,2.54
2020-01-22 06,9.77
2020-01-22 07,30.08
2020-01-22 08,61.76
2020-01-22 09,52.58
2020-01-22 10,26.17
2020-01-22 11,19.24
2020-01-22 12,20.87
2020-01-22 13,21.92
2020-01-22 14,17.45
2020-01-22 15,18.96
2020-01-22 16,28.74
2020-01-22 17,42.57
2020-01-22 18,48.26
2020-01-22 19,33.2
2020-01-22 20,22.17
2020-01-22 21,18.4
2020-01-22 22,13.62
2020-01-22 23,7.71
2020-01-23 00,4.64
2020-01-23 01,2.46
2020-01-23 02,1.35
2020-01-23 03,0.95
2020-01-23 04,1.38
2020-01-23 05,2.67
2020-01-23 06,9.93
2020-01-23 07,29.86
2020-01-23 08,62.07
2020-01-23 09,53.2
2020-01-23 10,26.02
2020-01-23 11,20.25
2020-01-23 12,21.46
2020-01-23 13,22.79
2020-01-23 14,19.17
2020-01-23 15,21.7
2020-01-23 16,27.1
2020-01-23 17,42.46
2020-01-23 18,49.76
2020-01-23 19,33.05
2020-01-23 20,22.69
2020-01-23 21,17.3
2020-01-23 22,12.9
2020-01-23 23,7.56
2020-01-24 00,4.86
2020-01-24 01,3.35
2020-01-24 02,1.43
2020-01-24 03,1.24
2020-01-24 04,1.55
2020-01-24 05,2.57
2020-01-24 06,8.31
2020-01-24 07,26.35
2020-01-24 08,55.83
2020-01-24 09,49.19
2020-01-24 10,24.39
2020-01-24 11,19.61
2020-01-24 12,23.95
2020-01-24 13,25.18
2020-01-24 14,21.68
2020-01-24 15,22.85
2020-01-24 16,30.55
2020-01-24 17,42.89
2020-01-24 18,42.02
2020-01-24 19,27.2
2020-01-24 20,20.92
2020-01-24 21,14.8
2020-01-24 22,12.32
2020-01-24 23,10.29
2020-01-25 00,7.52
2020-01-25 01,5.55
2020-01-25 02,4.82
2020-01-25 03,2.48
2020-01-25 04,1.61
2020-01-25 05,2.17
2020-01-25 06,2.02
2020-01-25 07,4.46
2020-01-25 08,9.37
2020-01-25 09,16.87
2020-01-25 10,22.23
2020-01-25 11,22.38
2020-01-25 12,27.75
2020-01-25 13,29.32
2020-01-25 14,29.73
2020-01-25 15,28.76
2020-01-25 16,28.62
2020-01-25 17,25.56
2020-01-25 18,20.51
2020-01-25 19,17.7
2020-01-25 20,14.5
2020-01-25 21,10.43
2020-01-25 22,9.05
2020-01-25 23,9.65
2020-01-26 00,8.65
2020-01-26 01,6.44
2020-01-26 02,3.81
2020-01-26 03,2.42
2020-01-26 04,1.71
2020-01-26 05,2.3
2020-01-26 06,1.65
2020-01-26 07,3.38
2020-01-26 08,6.31
2020-01-26 09,12.73
2020-01-26 10,19.31
2020-01-26 11,23.62
2020-01-26 12,27.79
2020-01-26 13,30.12
2020-01-26 14,26.71
2020-01-26 15,18.77
2020-01-26 16,14.98
2020-01-26 17,12.75
2020-01-26 18,12.14
2020-01-26 19,11.75
2020-01-26 20,10.18
2020-01-26 21,8.58
2020-01-26 22,7.29
2020-01-26 23,5.39
2020-01-27 00,3.29
2020-01-27 01,2.44
2020-01-27 02,1.79
2020-01-27 03,1.31
2020-01-27 04,1.73
2020-01-27 05,2.9
2020-01-27 06,9.5
2020-01-27 07,27.65
2020-01-27 08,60.26
2020-01-27 09,51.07
2020-01-27 10,22.88
2020-01-27 11,18.17
2020-01-27 12,21.52
2020-01-27 13,22.68
2020-01-27 14,13.14
2020-01-27 15,8.86
2020-01-27 16,14.27
2020-01-27 17,35.77
2020-01-27 18,45.79
2020-01-27 19,31.92
2020-01-27 20,22.63
2020-01-27 21,16.52
2020-01-27 22,10.68
2020-01-27 23,6.02
2020-01-28 00,3.69
2020-01-28 01,1.99
2020-01-28 02,1.31
2020-01-28 03,0.77
2020-01-28 04,1.64
2020-01-28 05,2.55
2020-01-28 06,11.24
2020-01-28 07,30.38
2020-01-28 08,63.6
2020-01-28 09,52.92
2020-01-28 10,26.27
2020-01-28 11,19.17
2020-01-28 12,21.19
2020-01-28 13,23.11
2020-01-28 14,19.58
2020-01-28 15,19.79
2020-01-28 16,26.99
2020-01-28 17,44.68
2020-01-28 18,50.31
2020-01-28 19,33.9
2020-01-28 20,23.49
2020-01-28 21,18.08
2020-01-28 22,12.85
2020-01-28 23,7.12
2020-01-29 00,3.96
2020-01-29 01,2.14
2020-01-29 02,1.63
2020-01-29 03,0.65
2020-01-29 04,1.13
2020-01-29 05,2.64
2020-01-29 06,10.21
2020-01-29 07,30.74
2020-01-29 08,62.55
2020-01-29 09,51.08
2020-01-29 10,24.8
2020-01-29 11,20.42
2020-01-29 12,24.69
2020-01-29 13,24.82
2020-01-29 14,21.1
2020-01-29 15,22.07
2020-01-29 16,30.32
2020-01-29 17,44.93
2020-01-29 18,49.35
2020-01-29 19,34.64
2020-01-29 20,24.05
2020-01-29 21,18.0
2020-01-29 22,14.85
2020-01-29 23,7.96
2020-01-30 00,4.68
2020-01-30 01,1.85
2020-01-30 02,1.55
2020-01-30 03,1.18
2020-01-30 04,1.57
2020-01-30 05,2.76
2020-01-30 06,9.65
2020-01-30 07,30.61
2020-01-30 08,63.35
2020-01-30 09,52.6
2020-01-30 10,26.99
2020-01-30 11,18.81
2020-01-30 12,19.89
2020-01-30 13,21.21
2020-01-30 14,18.67
2020-01-30 15,20.9
2020-01-30 16,27.63
2020-01-30 17,41.31
2020-01-30 18,47.21
2020-01-30 19,33.14
2020-01-30 20,23.46
2020-01-30 21,19.37
2020-01-30 22,13.74
2020-01-30 23,9.36
2020-01-31 00,4.77
2020-01-31 01,1.39
2020-01-31 04,3.4
2020-01-31 05,2.88
2020-01-31 06,9.43
2020-01-31 07,25.94
2020-01-31 08,57.64
2020-01-31 09,50.3
2020-01-31 10,26.27
2020-01-31 11,21.95
2020-01-31 12,25.36
2020-01-31 13,25.02
2020-01-31 14,21.98
2020-01-31 15,23.83
2020-01-31 16,29.67
2020-01-31 17,41.93
2020-01-31 18,41.58
2020-01-31 19,19.5
2020-01-31 20,15.55
2020-01-31 21,14.12
2020-01-31 22,11.26
2020-01-31 23,11.19
2020-02-01 00,10.8
2020-02-01 01,7.98
2020-02-01 02,4.68
2020-02-01 03,3.79
2020-02-01 04,2.94
2020-02-01 05,2.58
2020-02-01 06,2.48
2020-02-01 07,4.83
2020-02-01 08,10.56
2020-02-01 09,17.98
2020-02-01 10,24.01
2020-02-01 11,27.14
2020-02-01 12,32.04
2020-02-01 13,32.44
2020-02-01 14,29.96
2020-02-01 15,30.6
2020-02-01 16,31.3
2020-02-01 17,27.19
2020-02-01 18,22.83
2020-02-01 19,18.52
2020-02-01 20,14.17
2020-02-01 21,10.4
2020-02-01 22,10.54
2020-02-01 23,9.61
2020-02-02 00,7.77
2020-02-02 01,6.99
2020-02-02 02,4.23
2020-02-02 03,1.99
2020-02-02 04,1.2
2020-02-02 05,1.21
2020-02-02 06,0.75
2020-02-02 07,2.62
2020-02-02 08,6.77
2020-02-02 09,12.38
2020-02-02 10,18.81
2020-02-02 11,23.94
2020-02-02 12,28.02
2020-02-02 13,30.08
2020-02-02 14,28.71
2020-02-02 15,27.4
2020-02-02 16,26.1
2020-02-02 17,26.3
2020-02-02 18,19.06
2020-02-02 19,16.27
2020-02-02 20,12.45
2020-02-02 21,11.26
2020-02-02 22,9.37
2020-02-02 23,6.08
2020-02-03 00,4.29
2020-02-03 01,2.82
2020-02-03 02,1.37
2020-02-03 03,1.63
2020-02-03 04,2.65
2020-02-03 05,3.27
2020-02-03 06,9.77
2020-02-03 07,29.0
2020-02-03 08,61.75
2020-02-03 09,51.26
2020-02-03 10,25.08
2020-02-03 11,19.08
2020-02-03 12,21.58
2020-02-03 13,22.85
2020-02-03 14,19.21
2020-02-03 15,21.99
2020-02-03 16,29.23
2020-02-03 17,45.06
2020-02-03 18,50.64
2020-02-03 19,35.01
2020-02-03 20,25.37
2020-02-03 21,17.44
2020-02-03 22,10.33
2020-02-03 23,6.2
2020-02-04 00,3.26
2020-02-04 01,2.06
2020-02-04 02,1.33
2020-02-04 03,0.92
2020-02-04 04,1.08
2020-02-04 05,2.05
2020-02-04 06,10.82
2020-02-04 07,31.63
2020-02-04 08,64.56
2020-02-04 09,54.11
2020-02-04 10,24.45
2020-02-04 11,18.27
2020-02-04 12,20.45
2020-02-04 13,21.81
2020-02-04 14,17.31
2020-02-04 15,19.83
2020-02-04 16,28.0
2020-02-04 17,45.93
2020-02-04 18,50.1
2020-02-04 19,35.79
2020-02-04 20,25.44
2020-02-04 21,19.38
2020-02-04 22,12.07
2020-02-04 23,8.42
2020-02-05 00,4.27
2020-02-05 01,2.96
2020-02-05 02,1.49
2020-02-05 03,1.27
2020-02-05 04,1.79
2020-02-05 05,3.02
2020-02-05 06,10.14
2020-02-05 07,31.89
2020-02-05 08,63.94
2020-02-05 09,52.56
2020-02-05 10,24.86
2020-02-05 11,20.13
2020-02-05 12,22.93
2020-02-05 13,24.26
2020-02-05 14,19.0
2020-02-05 15,21.25
2020-02-05 16,29.8
2020-02-05 17,42.79
2020-02-05 18,50.45
2020-02-05 19,35.88
2020-02-05 20,24.13
2020-02-05 21,18.1
2020-02-05 22,13.04
2020-02-05 23,9.69
2020-02-06 00,5.77
2020-02-06 01,3.1
2020-02-06 02,2.05
2020-02-06 03,1.11
2020-02-06 04,2.15
2020-02-06 05,2.77
2020-02-06 06,9.57
2020-02-06 07,29.88
2020-02-06 08,61.95
2020-02-06 09,53.15
2020-02-06 10,25.08
2020-02-06 11,20.25
2020-02-06 12,22.38
2020-02-06 13,24.77
2020-02-06 14,21.17
2020-02-06 15,23.01
2020-02-06 16,30.39
2020-02-06 17,44.89
2020-02-06 18,48.02
2020-02-06 19,33.32
2020-02-06 20,23.45
2020-02-06 21,18.55
2020-02-06 22,13.75
2020-02-06 23,9.38
2020-02-07 00,5.45
2020-02-07 01,2.68
2020-02-07 02,1.63
2020-02-07 03,1.64
2020-02-07 04,2.11
2020-02-07 05,2.6
2020-02-07 06,9.42
2020-02-07 07,26.19
2020-02-07 08,57.5
2020-02-07 09,49.2
2020-02-07 10,25.62
2020-02-07 11,20.86
2020-02-07 12,26.14
2020-02-07 13,25.61
2020-02-07 14,23.17
2020-02-07 15,25.88
2020-02-07 16,33.64
2020-02-07 17,46.69
2020-02-07 18,41.79
2020-02-07 19,30.49
2020-02-07 20,20.79
2020-02-07 21,15.0
2020-02-07 22,12.12
2020-02-07 23,11.57
2020-02-08 00,8.54
2020-02-08 01,6.17
2020-02-08 02,3.85
2020-02-08 03,2.94
2020-02-08 04,2.07
2020-02-08 05,1.63
2020-02-08 06,2.21
2020-02-08 07,4.38
2020-02-08 08,10.45
2020-02-08 09,16.8
2020-02-08 10,23.38
2020-02-08 11,28.98
2020-02-08 12,31.77
2020-02-08 13,32.89
2020-02-08 14,34.24
2020-02-08 15,36.44
2020-02-08 16,36.75
2020-02-08 17,29.31
2020-02-08 18,21.99
2020-02-08 19,20.37
2020-02-08 20,15.07
2020-02-08 21,12.38
2020-02-08 22,10.89
2020-02-08 23,10.43
2020-02-09 00,10.11
2020-02-09 01,7.2
2020-02-09 02,5.11
2020-02-09 03,4.1
2020-02-09 04,2.12
2020-02-09 05,2.76
2020-02-09 06,1.52
2020-02-09 07,2.64
2020-02-09 08,5.24
2020-02-09 09,8.95
2020-02-09 10,11.13
2020-02-09 11,12.85
2020-02-09 12,11.67
2020-02-09 13,7.58
2020-02-09 14,7.95
2020-02-09 15,9.19
2020-02-09 16,8.21
2020-02-09 17,8.96
2020-02-09 18,9.06
2020-02-09 19,8.44
2020-02-09 20,8.0
2020-02-09 21,5.95
2020-02-09 22,4.95
2020-02-09 23,3.82
2020-02-10 00,2.63
2020-02-10 01,1.06
2020-02-10 02,0.46
2020-02-10 03,0.69
2020-02-10 04,1.06
2020-02-10 05,2.61
2020-02-10 06,8.81
2020-02-10 07,24.63
2020-02-10 08,55.51
2020-02-10 09,46.39
2020-02-10 10,22.04
2020-02-10 11,18.27
2020-02-10 12,19.99
2020-02-10 13,17.77
2020-02-10 14,14.4
2020-02-10 15,16.17
2020-02-10 16,21.24
2020-02-10 17,41.1
2020-02-10 18,31.31
2020-02-10 19,27.18
2020-02-10 20,20.2
2020-02-10 21,14.92
2020-02-10 22,9.24
2020-02-10 23,4.63
2020-02-11 00,3.32
2020-02-11 01,1.96
2020-02-11 02,1.23
2020-02-11 03,0.57
2020-02-11 04,1.45
2020-02-11 05,2.15
2020-02-11 06,9.96
2020-02-11 07,30.4
2020-02-11 08,62.92
2020-02-11 09,49.15
2020-02-11 10,22.52
2020-02-11 11,16.57
2020-02-11 12,20.54
2020-02-11 13,20.51
2020-02-11 14,17.74
2020-02-11 15,18.82
2020-02-11 16,28.4
2020-02-11 17,44.07
2020-02-11 18,49.9
2020-02-11 19,33.11
2020-02-11 20,22.56
2020-02-11 21,17.95
2020-02-11 22,10.52
2020-02-11 23,6.32
2020-02-12 00,4.27
2020-02-12 01,2.6
2020-02-12 02,1.42
2020-02-12 03,0.73
2020-02-12 04,1.61
2020-02-12 05,2.85
2020-02-12 06,9.25
2020-02-12 07,30.11
2020-02-12 08,61.0
2020-02-12 09,51.1
2020-02-12 10,23.88
2020-02-12 11,19.64
2020-02-12 12,20.36
2020-02-12 13,21.88
2020-02-12 14,19.94
2020-02-12 15,19.57
2020-02-12 16,28.35
2020-02-12 17,44.19
2020-02-12 18,50.29
2020-02-12 19,35.49
2020-02-12 20,22.6
2020-02-12 21,16.93
2020-02-12 22,10.4
2020-02-12 23,6.61
2020-02-13 00,3.68
2020-02-13 01,2.81
2020-02-13 02,1.43
2020-02-13 03,0.61
2020-02-13 04,1.36
2020-02-13 05,1.43
2020-02-13 06,6.49
2020-02-13 07,26.81
2020-02-13 08,60.62
2020-02-13 09,46.08
2020-02-13 10,23.63
2020-02-13 11,17.96
2020-02-13 12,17.18
2020-02-13 13,17.85
2020-02-13 14,17.02
2020-02-13 15,17.61
2020-02-13 16,27.74
2020-02-13 17,43.15
2020-02-13 18,46.6
2020-02-13 19,31.9
2020-02-13 20,22.51
2020-02-13 21,16.83
2020-02-13 22,12.05
2020-02-13 23,8.58
2020-02-14 00,4.15
2020-02-14 01,2.81
2020-02-14 02,1.21
2020-02-14 03,0.85
2020-02-14 04,0.76
2020-02-14 05,1.81
2020-02-14 06,8.62
2020-02-14 07,26.23
2020-02-14 08,56.11
2020-02-14 09,49.64
2020-02-14 10,23.39
2020-02-14 11,20.14
2020-02-14 12,25.24
2020-02-14 13,25.79
2020-02-14 14,22.99
2020-02-14 15,23.5
2020-02-14 16,32.7
2020-02-14 17,42.54
2020-02-14 18,42.12
2020-02-14 19,25.42
2020-02-14 20,17.11
2020-02-14 21,13.63
2020-02-14 22,9.83
2020-02-14 23,8.29
2020-02-15 00,6.06
2020-02-15 01,3.9
2020-02-15 02,2.19
2020-02-15 03,2.0
2020-02-15 04,1.33
2020-02-15 05,1.25
2020-02-15 06,1.61
2020-02-15 07,4.11
2020-02-15 08,10.32
2020-02-15 09,16.2
2020-02-15 10,21.3
2020-02-15 11,24.0
2020-02-15 12,22.96
2020-02-15 13,13.25
2020-02-15 14,11.63
2020-02-15 15,10.86
2020-02-15 16,10.61
2020-02-15 17,12.26
2020-02-15 18,12.0
2020-02-15 19,8.92
2020-02-15 20,7.63
2020-02-15 21,6.12
2020-02-15 22,4.42
2020-02-15 23,5.57
2020-02-16 00,5.62
2020-02-16 01,3.74
2020-02-16 02,2.23
2020-02-16 03,1.98
2020-02-16 04,1.68
2020-02-16 05,0.9
2020-02-16 06,0.81
2020-02-16 07,1.52
2020-02-16 08,2.67
2020-02-16 09,6.75
2020-02-16 10,9.46
2020-02-16 11,8.83
2020-02-16 12,8.12
2020-02-16 13,7.64
2020-02-16 14,7.3
2020-02-16 15,8.52
2020-02-16 16,14.61
2020-02-16 17,17.62
2020-02-16 18,14.49
2020-02-16 19,12.56
2020-02-16 20,8.35
2020-02-16 21,5.94
2020-02-16 22,5.17
2020-02-16 23,4.18
2020-02-17 00,2.71
2020-02-17 01,1.81
2020-02-17 02,0.85
2020-02-17 03,0.87
2020-02-17 04,1.12
2020-02-17 05,2.27
2020-02-17 06,7.06
2020-02-17 07,21.64
2020-02-17 08,55.18
2020-02-17 09,47.82
2020-02-17 10,22.86
2020-02-17 11,18.85
2020-02-17 12,20.67
2020-02-17 13,21.46
2020-02-17 14,17.48
2020-02-17 15,22.05
2020-02-17 16,28.0
2020-02-17 17,44.88
2020-02-17 18,52.06
2020-02-17 19,33.99
2020-02-17 20,21.85
2020-02-17 21,16.86
2020-02-17 22,12.95
2020-02-17 23,5.37
2020-02-18 00,3.39
2020-02-18 01,2.33
2020-02-18 02,0.86
2020-02-18 03,0.96
2020-02-18 04,1.1
2020-02-18 05,2.1
2020-02-18 06,9.02
2020-02-18 07,29.74
2020-02-18 08,60.21
2020-02-18 09,51.08
2020-02-18 10,24.74
2020-02-18 11,20.0
2020-02-18 12,22.06
2020-02-18 13,23.14
2020-02-18 14,19.61
2020-02-18 15,12.93
2020-02-18 16,25.63
2020-02-18 17,41.8
2020-02-18 18,43.87
2020-02-18 19,30.18
2020-02-18 20,23.01
2020-02-18 21,12.12
2020-02-18 22,8.98
2020-02-18 23,6.65
2020-02-19 00,3.37
2020-02-19 01,2.74
2020-02-19 02,0.95
2020-02-19 03,0.76
2020-02-19 04,1.4
2020-02-19 05,2.64
2020-02-19 06,9.48
2020-02-19 07,28.46
2020-02-19 08,60.18
2020-02-19 09,49.27
2020-02-19 10,24.15
2020-02-19 11,19.06
2020-02-19 12,16.52
2020-02-19 13,14.64
2020-02-19 14,12.4
2020-02-19 15,16.19
2020-02-19 16,22.82
2020-02-19 17,40.45
2020-02-19 18,45.48
2020-02-19 19,32.05
2020-02-19 20,21.36
2020-02-19 21,17.55
2020-02-19 22,11.87
2020-02-19 23,8.01
2020-02-20 00,4.36
2020-02-20 01,2.54
2020-02-20 02,1.55
2020-02-20 03,1.06
2020-02-20 04,1.0
2020-02-20 05,2.7
2020-02-20 06,9.33
2020-02-20 07,27.04
2020-02-20 08,53.99
2020-02-20 09,48.26
2020-02-20 10,23.31
2020-02-20 11,18.04
2020-02-20 12,16.88
2020-02-20 13,11.98
2020-02-20 14,8.67
2020-02-20 15,12.64
2020-02-20 16,21.23
2020-02-20 17,37.9
2020-02-20 18,40.95
2020-02-20 19,30.3
2020-02-20 20,21.86
2020-02-20 21,17.64
2020-02-20 22,12.36
2020-02-20 23,9.19
2020-02-21 00,6.4
2020-02-21 01,3.96
2020-02-21 02,1.9
2020-02-21 03,1.14
2020-02-21 04,2.18
2020-02-21 05,2.74
2020-02-21 06,7.4
2020-02-21 07,24.37
2020-02-21 08,51.77
2020-02-21 09,44.6
2020-02-21 10,21.85
2020-02-21 11,17.92
2020-02-21 12,22.82
2020-02-21 13,23.2
2020-02-21 14,20.31
2020-02-21 15,21.75
2020-02-21 16,28.35
2020-02-21 17,41.1
2020-02-21 18,40.82
2020-02-21 19,27.02
2020-02-21 20,20.56
2020-02-21 21,14.61
2020-02-21 22,10.98
2020-02-21 23,10.6
2020-02-22 00,8.32
2020-02-22 01,5.82
2020-02-22 02,3.51
2020-02-22 03,2.89
2020-02-22 04,3.81
2020-02-22 05,3.02
2020-02-22 06,2.11
2020-02-22 07,4.87
2020-02-22 08,12.11
2020-02-22 09,16.26
2020-02-22 10,21.9
2020-02-22 11,24.18
2020-02-22 12,27.35
2020-02-22 13,29.75
2020-02-22 14,28.17
2020-02-22 15,30.79
2020-02-22 16,30.29
2020-02-22 17,27.26
2020-02-22 18,21.67
2020-02-22 19,18.64
2020-02-22 20,13.79
2020-02-22 21,10.81
2020-02-22 22,10.88
2020-02-22 23,9.9
2020-02-23 00,8.37
2020-02-23 01,5.65
2020-02-23 02,3.57
2020-02-23 03,2.14
2020-02-23 04,1.89
2020-02-23 05,1.8
2020-02-23 06,1.63
2020-02-23 07,2.65
2020-02-23 08,7.42
2020-02-23 09,12.74
2020-02-23 10,18.52
2020-02-23 11,20.31
2020-02-23 12,24.73
2020-02-23 13,19.67
2020-02-23 14,21.86
2020-02-23 15,24.5
2020-02-23 16,24.37
2020-02-23 17,24.55
2020-02-23 18,18.99
2020-02-23 19,14.8
2020-02-23 20,12.14
2020-02-23 21,8.79
2020-02-23 22,7.64
2020-02-23 23,6.04
2020-02-24 00,4.1
2020-02-24 01,2.05
2020-02-24 02,0.83
2020-02-24 03,0.61
2020-02-24 04,1.43
2020-02-24 05,1.96
2020-02-24 06,8.49
2020-02-24 07,27.93
2020-02-24 08,60.35
2020-02-24 09,49.01
2020-02-24 10,20.64
2020-02-24 11,11.4
2020-02-24 12,11.48
2020-02-24 13,11.1
2020-02-24 14,11.21
2020-02-24 15,16.35
2020-02-24 16,25.17
2020-02-24 17,45.57
2020-02-24 18,49.61
2020-02-24 19,33.11
2020-02-24 20,21.75
2020-02-24 21,15.87
2020-02-24 22,10.82
2020-02-24 23,5.79
2020-02-25 00,3.57
2020-02-25 01,1.76
2020-02-25 02,0.54
2020-02-25 03,0.63
2020-02-25 04,1.1
2020-02-25 05,2.94
2020-02-25 06,10.57
2020-02-25 07,31.07
2020-02-25 08,65.32
2020-02-25 09,50.74
2020-02-25 10,23.85
2020-02-25 11,18.7
2020-02-25 12,21.93
2020-02-25 13,23.52
2020-02-25 14,19.88
2020-02-25 15,21.36
2020-02-25 16,26.85
2020-02-25 17,35.75
2020-02-25 18,45.77
2020-02-25 19,32.45
2020-02-25 20,21.52
2020-02-25 21,16.86
2020-02-25 22,12.29
2020-02-25 23,6.65
2020-02-26 00,3.44
2020-02-26 01,1.77
2020-02-26 02,0.43
2020-02-26 03,1.3
2020-02-26 04,1.36
2020-02-26 05,2.8
2020-02-26 06,9.8
2020-02-26 07,31.73
2020-02-26 08,63.07
2020-02-26 09,49.01
2020-02-26 10,22.95
2020-02-26 11,18.42
2020-02-26 12,21.45
2020-02-26 13,20.86
2020-02-26 14,18.57
2020-02-26 15,18.05
2020-02-26 16,27.1
2020-02-26 17,45.92
2020-02-26 18,49.31
2020-02-26 19,34.93
2020-02-26 20,23.86
2020-02-26 21,18.68
2020-02-26 22,13.3
2020-02-26 23,8.18
2020-02-27 00,4.49
2020-02-27 01,3.14
2020-02-27 02,1.43
2020-02-27 03,1.33
2020-02-27 04,1.39
2020-02-27 05,2.39
2020-02-27 06,4.83
2020-02-27 07,17.61
2020-02-27 08,34.65
2020-02-27 09,29.07
2020-02-27 10,13.89
2020-02-27 11,13.69
2020-02-27 12,18.87
2020-02-27 13,19.89
2020-02-27 14,17.71
2020-02-27 15,18.67
2020-02-27 16,26.23
2020-02-27 17,42.48
2020-02-27 18,46.15
2020-02-27 19,30.76
2020-02-27 20,20.33
2020-02-27 21,15.51
2020-02-27 22,10.8
2020-02-27 23,8.15
2020-02-28 00,5.32
2020-02-28 01,0.56
2020-02-28 03,2.79
2020-02-28 04,1.71
2020-02-28 05,2.5
2020-02-28 06,7.77
2020-02-28 07,26.46
2020-02-28 08,47.64
2020-02-28 09,34.94
2020-02-28 10,13.8
2020-02-28 11,9.33
2020-02-28 12,10.88
2020-02-28 13,12.51
2020-02-28 14,11.65
2020-02-28 15,14.15
2020-02-28 16,23.56
2020-02-28 17,37.02
2020-02-28 18,38.51
2020-02-28 19,25.83
2020-02-28 20,15.52
2020-02-28 21,12.13
2020-02-28 22,9.42
2020-02-28 23,8.04
2020-02-29 00,7.1
2020-02-29 01,4.88
2020-02-29 02,3.86
2020-02-29 03,2.46
2020-02-29 04,2.11
2020-02-29 05,1.57
2020-02-29 06,1.43
2020-02-29 07,2.94
2020-02-29 08,4.25
2020-02-29 09,7.99
2020-02-29 10,13.62
2020-02-29 11,17.0
2020-02-29 12,23.15
2020-02-29 13,25.23
2020-02-29 14,23.04
2020-02-29 15,21.08
2020-02-29 16,17.31
2020-02-29 17,21.1
2020-02-29 18,18.42
2020-02-29 19,14.12
2020-02-29 20,10.88
2020-02-29 21,8.11
2020-02-29 22,7.24
2020-02-29 23,6.55
2020-03-01 00,6.39
2020-03-01 01,4.99
2020-03-01 02,2.75
2020-03-01 03,2.31
2020-03-01 04,1.99
2020-03-01 05,2.06
2020-03-01 06,1.43
2020-03-01 07,4.57
2020-03-01 08,8.81
2020-03-01 09,12.77
2020-03-01 10,21.38
2020-03-01 11,26.37
2020-03-01 12,29.9
2020-03-01 13,31.44
2020-03-01 14,29.08
2020-03-01 15,30.38
2020-03-01 16,30.26
2020-03-01 17,25.85
2020-03-01 18,20.42
2020-03-01 19,13.44
2020-03-01 20,10.51
2020-03-01 21,7.12
2020-03-01 22,6.94
2020-03-01 23,4.9
2020-03-02 00,2.65
2020-03-02 01,1.42
2020-03-02 02,0.5
2020-03-02 03,0.64
2020-03-02 04,1.0
2020-03-02 05,2.26
2020-03-02 06,8.14
2020-03-02 07,27.15
2020-03-02 08,56.56
2020-03-02 09,48.51
2020-03-02 10,24.26
2020-03-02 11,18.87
2020-03-02 12,21.38
2020-03-02 13,22.69
2020-03-02 14,19.12
2020-03-02 15,22.95
2020-03-02 16,32.12
2020-03-02 17,48.77
2020-03-02 18,50.43
2020-03-02 19,34.55
2020-03-02 20,23.01
2020-03-02 21,17.06
2020-03-02 22,10.44
2020-03-02 23,5.38
2020-03-03 00,3.1
2020-03-03 01,1.46
2020-03-03 02,0.98
2020-03-03 03,0.61
2020-03-03 04,1.13
2020-03-03 05,2.83
2020-03-03 06,10.64
2020-03-03 07,32.64
2020-03-03 08,65.38
2020-03-03 09,53.62
2020-03-03 10,26.27
2020-03-03 11,18.99
2020-03-03 12,23.37
2020-03-03 13,23.6
2020-03-03 14,18.86
2020-03-03 15,19.43
2020-03-03 16,30.3
2020-03-03 17,48.56
2020-03-03 18,52.76
2020-03-03 19,35.26
2020-03-03 20,22.76
2020-03-03 21,18.51
2020-03-03 22,13.88
2020-03-03 23,7.4
2020-03-04 00,3.98
2020-03-04 01,2.04
2020-03-04 02,1.07
2020-03-04 03,0.57
2020-03-04 04,1.0
2020-03-04 05,2.45
2020-03-04 06,10.2
2020-03-04 07,32.12
2020-03-04 08,64.12
2020-03-04 09,54.02
2020-03-04 10,25.76
2020-03-04 11,20.42
2020-03-04 12,19.76
2020-03-04 13,20.88
2020-03-04 14,10.65
2020-03-04 15,10.5
2020-03-04 16,17.75
2020-03-04 17,32.79
2020-03-04 18,36.36
2020-03-04 19,24.87
2020-03-04 20,20.71
2020-03-04 21,16.83
2020-03-04 22,10.42
2020-03-04 23,7.13
2020-03-05 00,4.2
2020-03-05 01,2.73
2020-03-05 02,1.44
2020-03-05 03,0.92
2020-03-05 04,1.46
2020-03-05 05,2.58
2020-03-05 06,10.01
2020-03-05 07,29.77
2020-03-05 08,56.69
2020-03-05 09,47.43
2020-03-05 10,15.6
2020-03-05 11,10.3
2020-03-05 12,10.35
2020-03-05 13,11.0
2020-03-05 14,5.54
2020-03-05 15,6.49
2020-03-05 16,13.7
2020-03-05 17,26.25
2020-03-05 18,28.63
2020-03-05 19,17.65
2020-03-05 20,15.63
2020-03-05 21,13.13
2020-03-05 22,9.9
2020-03-05 23,7.3
2020-03-06 00,4.81
2020-03-06 01,3.15
2020-03-06 02,1.54
2020-03-06 03,1.08
2020-03-06 04,1.69
2020-03-06 05,2.89
2020-03-06 06,8.17
2020-03-06 07,26.77
2020-03-06 08,55.75
2020-03-06 09,45.6
2020-03-06 10,22.65
2020-03-06 11,19.27
2020-03-06 12,24.07
2020-03-06 13,25.92
2020-03-06 14,23.57
2020-03-06 15,26.62
2020-03-06 16,33.48
2020-03-06 17,46.18
2020-03-06 18,46.33
2020-03-06 19,30.61
2020-03-06 20,20.64
2020-03-06 21,15.75
2020-03-06 22,12.54
2020-03-06 23,9.83
2020-03-07 00,7.32
2020-03-07 01,5.81
2020-03-07 02,3.52
2020-03-07 03,2.36
2020-03-07 04,1.95
2020-03-07 05,2.6
2020-03-07 06,2.0
2020-03-07 07,5.1
2020-03-07 08,12.12
2020-03-07 09,18.25
2020-03-07 10,23.88
2020-03-07 11,26.87
2020-03-07 12,31.07
2020-03-07 13,33.39
2020-03-07 14,31.56
2020-03-07 15,30.85
2020-03-07 16,33.67
2020-03-07 17,29.62
2020-03-07 18,24.36
2020-03-07 19,19.65
2020-03-07 20,15.79
2020-03-07 21,11.51
2020-03-07 22,10.1
2020-03-07 23,9.71
2020-03-08 00,8.1
2020-03-08 01,6.2
2020-03-08 02,4.55
2020-03-08 03,3.6
2020-03-08 04,2.17
2020-03-08 05,2.0
2020-03-08 06,1.5
2020-03-08 07,4.05
2020-03-08 08,8.11
2020-03-08 09,14.85
2020-03-08 10,22.94
2020-03-08 11,28.65
2020-03-08 12,33.33
2020-03-08 13,24.49
2020-03-08 14,19.89
2020-03-08 15,21.61
2020-03-08 16,22.95
2020-03-08 17,24.35
2020-03-08 18,21.58
2020-03-08 19,16.06
2020-03-08 20,11.62
2020-03-08 21,8.04
2020-03-08 22,7.15
2020-03-08 23,5.48
2020-03-09 00,3.87
2020-03-09 01,2.45
2020-03-09 02,1.24
2020-03-09 03,0.76
2020-03-09 04,1.49
2020-03-09 05,3.1
2020-03-09 06,10.27
2020-03-09 07,31.05
2020-03-09 08,63.31
2020-03-09 09,50.08
2020-03-09 10,24.4
2020-03-09 11,19.42
2020-03-09 12,20.64
2020-03-09 13,22.18
2020-03-09 14,17.57
2020-03-09 15,21.25
2020-03-09 16,28.12
2020-03-09 17,33.39
2020-03-09 18,37.45
2020-03-09 19,21.37
2020-03-09 20,13.68
2020-03-09 21,12.06
2020-03-09 22,8.05
2020-03-09 23,4.21
2020-03-10 00,1.88
2020-03-10 01,1.23
2020-03-10 02,0.92
2020-03-10 03,0.45
2020-03-10 04,1.69
2020-03-10 05,3.63
2020-03-10 06,10.79
2020-03-10 07,30.87
2020-03-10 08,62.65
2020-03-10 09,48.68
2020-03-10 10,23.81
2020-03-10 11,19.35
2020-03-10 12,19.55
2020-03-10 13,21.73
2020-03-10 14,19.32
2020-03-10 15,21.95
2020-03-10 16,29.67
2020-03-10 17,46.68
2020-03-10 18,52.55
2020-03-10 19,36.04
2020-03-10 20,24.21
2020-03-10 21,18.1
2020-03-10 22,12.02
2020-03-10 23,7.12
2020-03-11 00,4.36
2020-03-11 01,1.9
2020-03-11 02,1.06
2020-03-11 03,0.65
2020-03-11 04,1.15
2020-03-11 05,2.98
2020-03-11 06,10.9
2020-03-11 07,33.68
2020-03-11 08,64.05
2020-03-11 09,49.33
2020-03-11 10,24.95
2020-03-11 11,21.45
2020-03-11 12,22.89
2020-03-11 13,23.79
2020-03-11 14,21.81
2020-03-11 15,22.19
2020-03-11 16,32.5
2020-03-11 17,48.2
2020-03-11 18,53.75
2020-03-11 19,36.31
2020-03-11 20,22.75
2020-03-11 21,14.71
2020-03-11 22,11.29
2020-03-11 23,7.45
2020-03-12 00,2.96
2020-03-12 01,2.2
2020-03-12 02,0.94
2020-03-12 03,0.76
2020-03-12 04,1.44
2020-03-12 05,2.51
2020-03-12 06,9.94
2020-03-12 07,31.06
2020-03-12 08,61.17
2020-03-12 09,48.63
2020-03-12 10,21.51
2020-03-12 11,18.23
2020-03-12 12,18.63
2020-03-12 13,20.58
2020-03-12 14,19.69
2020-03-12 15,21.19
2020-03-12 16,28.68
2020-03-12 17,43.56
2020-03-12 18,48.25
2020-03-12 19,32.42
2020-03-12 20,21.48
2020-03-12 21,17.05
2020-03-12 22,10.92
2020-03-12 23,7.26
2020-03-13 00,5.49
2020-03-13 01,2.43
2020-03-13 02,1.39
2020-03-13 03,1.1
2020-03-13 04,1.38
2020-03-13 05,2.56
2020-03-13 06,8.61
2020-03-13 07,26.14
2020-03-13 08,48.76
2020-03-13 09,41.44
2020-03-13 10,21.23
2020-03-13 11,19.01
2020-03-13 12,22.76
2020-03-13 13,23.3
2020-03-13 14,22.44
2020-03-13 15,24.15
2020-03-13 16,32.49
2020-03-13 17,43.4
2020-03-13 18,42.14
2020-03-13 19,28.75
2020-03-13 20,19.07
2020-03-13 21,14.57
2020-03-13 22,10.42
2020-03-13 23,8.87
2020-03-14 00,6.48
2020-03-14 01,4.99
2020-03-14 02,2.64
2020-03-14 03,1.56
2020-03-14 04,1.74
2020-03-14 05,1.15
2020-03-14 06,1.48
2020-03-14 07,3.86
2020-03-14 08,7.7
2020-03-14 09,13.56
2020-03-14 10,20.74
2020-03-14 11,24.48
2020-03-14 12,28.11
2020-03-14 13,29.61
2020-03-14 14,30.1
2020-03-14 15,30.8
2020-03-14 16,32.76
2020-03-14 17,30.82
2020-03-14 18,25.94
2020-03-14 19,18.81
2020-03-14 20,13.38
2020-03-14 21,9.88
2020-03-14 22,10.21
2020-03-14 23,7.7
2020-03-15 00,6.63
2020-03-15 01,5.06
2020-03-15 02,3.25
2020-03-15 03,2.5
2020-03-15 04,1.64
2020-03-15 05,1.21
2020-03-15 06,1.57
2020-03-15 07,2.9
2020-03-15 08,7.13
2020-03-15 09,12.24
2020-03-15 10,17.18
2020-03-15 11,25.51
2020-03-15 12,27.44
2020-03-15 13,29.14
2020-03-15 14,27.89
2020-03-15 15,25.27
2020-03-15 16,19.23
2020-03-15 17,16.94
2020-03-15 18,14.43
2020-03-15 19,11.56
2020-03-15 20,9.61
2020-03-15 21,7.25
2020-03-15 22,6.67
2020-03-15 23,4.1
2020-03-16 00,3.32
2020-03-16 01,2.77
2020-03-16 02,1.49
2020-03-16 03,0.64
2020-03-16 04,1.62
2020-03-16 05,2.57
2020-03-16 06,8.46
2020-03-16 07,27.35
2020-03-16 08,48.74
2020-03-16 09,41.43
2020-03-16 10,23.0
2020-03-16 11,18.68
2020-03-16 12,22.02
2020-03-16 13,24.87
2020-03-16 14,21.0
2020-03-16 15,23.39
2020-03-16 16,31.27
2020-03-16 17,43.1
2020-03-16 18,47.57
2020-03-16 19,30.94
2020-03-16 20,19.61
2020-03-16 21,14.82
2020-03-16 22,8.88
2020-03-16 23,4.92
2020-03-17 00,3.08
2020-03-17 01,2.32
2020-03-17 02,1.42
2020-03-17 03,0.83
2020-03-17 04,1.48
2020-03-17 05,2.86
2020-03-17 06,7.71
2020-03-17 07,22.63
2020-03-17 08,39.1
2020-03-17 09,32.58
2020-03-17 10,19.83
2020-03-17 11,17.1
2020-03-17 12,20.83
2020-03-17 13,23.5
2020-03-17 14,20.45
2020-03-17 15,20.69
2020-03-17 16,25.79
2020-03-17 17,34.02
2020-03-17 18,35.37
2020-03-17 19,24.25
2020-03-17 20,16.13
2020-03-17 21,12.44
2020-03-17 22,7.27
2020-03-17 23,4.68
2020-03-18 00,2.99
2020-03-18 01,2.05
2020-03-18 02,1.1
2020-03-18 03,1.15
2020-03-18 04,1.4
2020-03-18 05,2.19
2020-03-18 06,6.79
2020-03-18 07,20.08
2020-03-18 08,30.44
2020-03-18 09,25.06
2020-03-18 10,18.76
2020-03-18 11,16.35
2020-03-18 12,18.82
2020-03-18 13,21.57
2020-03-18 14,20.3
2020-03-18 15,21.11
2020-03-18 16,24.99
2020-03-18 17,29.74
2020-03-18 18,31.18
2020-03-18 19,23.5
2020-03-18 20,15.2
2020-03-18 21,12.63
2020-03-18 22,6.89
2020-03-18 23,3.77
2020-03-19 00,2.31
2020-03-19 01,1.23
2020-03-19 02,0.81
2020-03-19 03,0.55
2020-03-19 04,1.08
2020-03-19 05,1.54
2020-03-19 06,5.24
2020-03-19 07,15.43
2020-03-19 08,25.0
2020-03-19 09,20.24
2020-03-19 10,14.75
2020-03-19 11,14.93
2020-03-19 12,17.19
2020-03-19 13,18.24
2020-03-19 14,16.18
2020-03-19 15,16.93
2020-03-19 16,20.49
2020-03-19 17,23.31
2020-03-19 18,22.14
2020-03-19 19,14.45
2020-03-19 20,10.6
2020-03-19 21,9.38
2020-03-19 22,4.7
2020-03-19 23,3.21
2020-03-20 00,2.02
2020-03-20 01,1.43
2020-03-20 02,0.93
2020-03-20 03,0.44
2020-03-20 04,0.83
2020-03-20 05,1.44
2020-03-20 06,4.85
2020-03-20 07,16.29
2020-03-20 08,23.9
2020-03-20 09,18.87
2020-03-20 10,15.19
2020-03-20 11,13.92
2020-03-20 12,17.08
2020-03-20 13,19.21
2020-03-20 14,17.35
2020-03-20 15,18.35
2020-03-20 16,19.32
2020-03-20 17,23.51
2020-03-20 18,22.94
2020-03-20 19,16.83
2020-03-20 20,10.61
2020-03-20 21,6.45
2020-03-20 22,4.29
2020-03-20 23,2.98
2020-03-21 00,2.25
2020-03-21 01,1.57
2020-03-21 02,0.77
2020-03-21 03,0.56
2020-03-21 04,0.69
2020-03-21 05,0.46
2020-03-21 06,1.54
2020-03-21 07,4.35
2020-03-21 08,7.81
2020-03-21 09,10.93
2020-03-21 10,15.73
2020-03-21 11,20.68
2020-03-21 12,27.01
2020-03-21 13,33.85
2020-03-21 14,35.36
2020-03-21 15,34.14
2020-03-21 16,33.75
2020-03-21 17,26.4
2020-03-21 18,17.67
2020-03-21 19,9.76
2020-03-21 20,7.0
2020-03-21 21,4.64
2020-03-21 22,3.62
2020-03-21 23,2.76
2020-03-22 00,2.11
2020-03-22 01,1.39
2020-03-22 02,0.82
2020-03-22 03,0.45
2020-03-22 04,0.27
2020-03-22 05,0.29
2020-03-22 06,0.82
2020-03-22 07,2.57
2020-03-22 08,4.62
2020-03-22 09,7.04
2020-03-22 10,12.5
2020-03-22 11,20.75
2020-03-22 12,26.21
2020-03-22 13,33.39
2020-03-22 14,34.52
2020-03-22 15,37.3
2020-03-22 16,34.88
2020-03-22 17,27.14
2020-03-22 18,18.3
2020-03-22 19,10.05
2020-03-22 20,5.55
2020-03-22 21,3.56
2020-03-22 22,3.42
2020-03-22 23,1.79
2020-03-23 00,1.02
2020-03-23 01,0.48
2020-03-23 02,0.25
2020-03-23 03,0.33
2020-03-23 04,0.45
2020-03-23 05,0.77
2020-03-23 06,3.88
2020-03-23 07,13.42
2020-03-23 08,19.32
2020-03-23 09,15.46
2020-03-23 10,13.67
2020-03-23 11,12.64
2020-03-23 12,15.55
2020-03-23 13,18.32
2020-03-23 14,15.74
2020-03-23 15,17.55
2020-03-23 16,19.98
2020-03-23 17,23.7
2020-03-23 18,24.25
2020-03-23 19,14.88
2020-03-23 20,8.6
2020-03-23 21,7.1
2020-03-23 22,3.83
2020-03-23 23,1.88
2020-03-24 00,1.14
2020-03-24 01,0.55
2020-03-24 02,0.4
2020-03-24 03,0.24
2020-03-24 04,0.33
2020-03-24 05,0.8
2020-03-24 06,3.99
2020-03-24 07,10.77
2020-03-24 08,15.13
2020-03-24 09,12.35
2020-03-24 10,9.93
2020-03-24 11,10.35
2020-03-24 12,13.51
2020-03-24 13,15.85
2020-03-24 14,15.1
2020-03-24 15,17.32
2020-03-24 16,20.05
2020-03-24 17,21.89
2020-03-24 18,21.6
2020-03-24 19,12.5
2020-03-24 20,7.57
2020-03-24 21,4.93
2020-03-24 22,2.81
2020-03-24 23,1.39
2020-03-25 00,0.67
2020-03-25 01,0.23
2020-03-25 02,0.1
2020-03-25 03,0.11
2020-03-25 04,0.26
2020-03-25 05,0.62
2020-03-25 06,3.04
2020-03-25 07,9.92
2020-03-25 08,14.4
2020-03-25 09,10.89
2020-03-25 10,10.42
2020-03-25 11,10.29
2020-03-25 12,13.71
2020-03-25 13,17.32
2020-03-25 14,16.81
2020-03-25 15,19.13
2020-03-25 16,20.11
2020-03-25 17,23.39
2020-03-25 18,21.19
2020-03-25 19,12.9
2020-03-25 20,7.46
2020-03-25 21,4.81
2020-03-25 22,2.18
2020-03-25 23,1.23
2020-03-26 00,0.87
2020-03-26 01,0.45
2020-03-26 02,0.29
2020-03-26 03,0.19
2020-03-26 04,0.27
2020-03-26 05,0.9
2020-03-26 06,3.4
2020-03-26 07,9.54
2020-03-26 08,13.33
2020-03-26 09,10.15
2020-03-26 10,9.36
2020-03-26 11,10.44
2020-03-26 12,13.96
2020-03-26 13,17.61
2020-03-26 14,16.44
2020-03-26 15,17.92
2020-03-26 16,18.63
2020-03-26 17,21.39
2020-03-26 18,22.12
2020-03-26 19,13.9
2020-03-26 20,7.02
2020-03-26 21,4.5
2020-03-26 22,2.19
2020-03-26 23,0.79
2020-03-27 00,0.62
2020-03-27 01,0.42
2020-03-27 02,0.38
2020-03-27 03,0.18
2020-03-27 04,0.38
2020-03-27 05,0.62
2020-03-27 06,2.82
2020-03-27 07,8.82
2020-03-27 08,12.92
2020-03-27 09,9.51
2020-03-27 10,9.65
2020-03-27 11,11.08
2020-03-27 12,14.56
2020-03-27 13,17.92
2020-03-27 14,16.74
2020-03-27 15,18.18
2020-03-27 16,19.7
2020-03-27 17,22.0
2020-03-27 18,21.76
2020-03-27 19,12.87
2020-03-27 20,6.64
2020-03-27 21,5.12
2020-03-27 22,2.19
2020-03-27 23,1.23
2020-03-28 00,0.73
2020-03-28 01,0.58
2020-03-28 02,0.42
2020-03-28 03,0.15
2020-03-28 04,0.2
2020-03-28 05,0.58
2020-03-28 06,1.23
2020-03-28 07,3.42
2020-03-28 08,6.37
2020-03-28 09,9.65
2020-03-28 10,12.25
2020-03-28 11,18.7
2020-03-28 12,24.35
2020-03-28 13,28.39
2020-03-28 14,26.38
2020-03-28 15,24.3
2020-03-28 16,24.13
2020-03-28 17,20.36
2020-03-28 18,14.23
2020-03-28 19,8.0
2020-03-28 20,4.45
2020-03-28 21,2.46
2020-03-28 22,1.75
2020-03-28 23,1.36
2020-03-29 00,0.64
2020-03-29 02,0.46
2020-03-29 03,0.36
2020-03-29 04,0.21
2020-03-29 05,0.32
2020-03-29 06,0.54
2020-03-29 07,1.63
2020-03-29 08,2.48
2020-03-29 09,4.27
2020-03-29 10,7.64
2020-03-29 11,9.67
2020-03-29 12,11.13
2020-03-29 13,11.14
2020-03-29 14,14.0
2020-03-29 15,17.39
2020-03-29 16,19.38
2020-03-29 17,16.29
2020-03-29 18,14.08
2020-03-29 19,9.9
2020-03-29 20,5.49
2020-03-29 21,3.39
2020-03-29 22,2.01
2020-03-29 23,1.63
2020-03-30 00,0.83
2020-03-30 01,0.4
2020-03-30 02,0.26
2020-03-30 03,0.2
2020-03-30 04,0.31
2020-03-30 05,0.5
2020-03-30 06,1.93
2020-03-30 07,6.69
2020-03-30 08,9.87
2020-03-30 09,8.02
2020-03-30 10,6.61
2020-03-30 11,6.93
2020-03-30 12,7.7
2020-03-30 13,10.37
2020-03-30 14,8.39
2020-03-30 15,9.06
2020-03-30 16,12.99
2020-03-30 17,15.75
2020-03-30 18,16.38
2020-03-30 19,13.43
2020-03-30 20,7.87
2020-03-30 21,4.46
2020-03-30 22,3.1
2020-03-30 23,1.33
2020-03-31 00,0.7
2020-03-31 01,0.46
2020-03-31 02,0.17
2020-03-31 03,0.21
2020-03-31 04,0.19
2020-03-31 05,0.58
2020-03-31 06,2.1
2020-03-31 07,7.73
2020-03-31 08,10.85
2020-03-31 09,8.2
2020-03-31 10,8.35
2020-03-31 11,8.8
2020-03-31 12,11.25
2020-03-31 13,13.21
2020-03-31 14,12.54
2020-03-31 15,13.56
2020-03-31 16,15.27
2020-03-31 17,18.5
2020-03-31 18,20.83
2020-03-31 19,17.11
2020-03-31 20,9.04
2020-03-31 21,6.05
2020-03-31 22,2.55
2020-03-31 23,1.36
2020-04-01 00,0.87
2020-04-01 01,0.6
2020-04-01 02,0.36
2020-04-01 03,0.3
2020-04-01 04,0.32
2020-04-01 05,0.49
2020-04-01 06,2.07
2020-04-01 07,8.25
2020-04-01 08,11.39
2020-04-01 09,9.1
2020-04-01 10,8.06
2020-04-01 11,9.54
2020-04-01 12,11.92
2020-04-01 13,13.67
2020-04-01 14,12.44
2020-04-01 15,14.56
2020-04-01 16,15.8
2020-04-01 17,17.4
2020-04-01 18,20.2
2020-04-01 19,14.65
2020-04-01 20,7.82
2020-04-01 21,5.36
2020-04-01 22,2.9
2020-04-01 23,1.85
2020-04-02 00,1.23
2020-04-02 01,0.62
2020-04-02 02,0.55
2020-04-02 03,0.3
2020-04-02 04,0.25
2020-04-02 05,0.68
2020-04-02 06,2.32
2020-04-02 07,8.32
2020-04-02 08,10.94
2020-04-02 09,9.75
2020-04-02 10,8.27
2020-04-02 11,9.14
2020-04-02 12,12.02
2020-04-02 13,14.42
2020-04-02 14,14.67
2020-04-02 15,14.17
2020-04-02 16,16.63
2020-04-02 17,19.31
2020-04-02 18,19.86
2020-04-02 19,16.89
2020-04-02 20,9.98
2020-04-02 21,5.64
2020-04-02 22,2.68
2020-04-02 23,1.77
2020-04-03 00,1.08
2020-04-03 01,0.57
2020-04-03 02,0.26
2020-04-03 03,0.25
2020-04-03 04,0.24
2020-04-03 05,0.57
2020-04-03 06,2.5
2020-04-03 07,8.25
2020-04-03 08,12.1
2020-04-03 09,9.39
2020-04-03 10,8.65
2020-04-03 11,9.75
2020-04-03 12,11.33
2020-04-03 13,13.14
2020-04-03 14,14.48
2020-04-03 15,17.17
2020-04-03 16,19.45
2020-04-03 17,21.43
2020-04-03 18,24.79
2020-04-03 19,21.51
2020-04-03 20,12.06
2020-04-03 21,5.82
2020-04-03 22,3.35
2020-04-03 23,2.32
2020-04-04 00,1.69
2020-04-04 01,0.64
2020-04-04 02,0.51
2020-04-04 03,0.33
2020-04-04 04,0.19
2020-04-04 05,0.48
2020-04-04 06,1.6
2020-04-04 07,4.11
2020-04-04 08,6.21
2020-04-04 09,7.68
2020-04-04 10,11.56
2020-04-04 11,17.43
2020-04-04 12,25.1
2020-04-04 13,33.6
2020-04-04 14,39.45
2020-04-04 15,43.75
2020-04-04 16,43.49
2020-04-04 17,39.88
2020-04-04 18,32.71
2020-04-04 19,23.29
2020-04-04 20,12.63
2020-04-04 21,5.86
2020-04-04 22,4.04
2020-04-04 23,2.01
2020-04-05 00,1.6
2020-04-05 01,1.01
2020-04-05 02,0.61
2020-04-05 03,0.46
2020-04-05 04,0.26
2020-04-05 05,0.44
2020-04-05 06,1.2
2020-04-05 07,3.54
2020-04-05 08,6.1
2020-04-05 09,11.27
2020-04-05 10,17.5
2020-04-05 11,26.38
2020-04-05 12,37.04
2020-04-05 13,45.76
2020-04-05 14,51.85
2020-04-05 15,53.49
2020-04-05 16,50.82
2020-04-05 17,43.67
2020-04-05 18,34.38
2020-04-05 19,23.74
2020-04-05 20,13.65
2020-04-05 21,6.62
2020-04-05 22,3.43
2020-04-05 23,2.38
2020-04-06 00,1.04
2020-04-06 01,0.74
2020-04-06 02,0.37
2020-04-06 03,0.38
2020-04-06 04,0.31
2020-04-06 05,0.7
2020-04-06 06,2.42
2020-04-06 07,8.39
2020-04-06 08,11.67
2020-04-06 09,9.58
2020-04-06 10,6.43
2020-04-06 11,6.96
2020-04-06 12,10.9
2020-04-06 13,13.67
2020-04-06 14,13.75
2020-04-06 15,17.89
2020-04-06 16,20.32
2020-04-06 17,22.33
2020-04-06 18,23.6
2020-04-06 19,18.08
2020-04-06 20,12.4
2020-04-06 21,6.33
2020-04-06 22,3.3
2020-04-06 23,1.9
2020-04-07 00,1.37
2020-04-07 01,0.67
2020-04-07 02,0.45
2020-04-07 03,0.3
2020-04-07 04,0.29
2020-04-07 05,0.77
2020-04-07 06,2.95
2020-04-07 07,9.88
2020-04-07 08,14.19
2020-04-07 09,10.94
2020-04-07 10,10.83
2020-04-07 11,12.05
2020-04-07 12,18.02
2020-04-07 13,19.43
2020-04-07 14,19.61
2020-04-07 15,21.77
2020-04-07 16,23.13
2020-04-07 17,28.5
2020-04-07 18,30.8
2020-04-07 19,24.14
2020-04-07 20,13.63
2020-04-07 21,7.54
2020-04-07 22,3.39
2020-04-07 23,2.48
2020-04-08 00,1.15
2020-04-08 01,0.52
2020-04-08 02,0.56
2020-04-08 03,0.19
2020-04-08 04,0.37
2020-04-08 05,0.76
2020-04-08 06,3.07
2020-04-08 07,9.92
2020-04-08 08,13.02
2020-04-08 09,11.19
2020-04-08 10,11.01
2020-04-08 11,12.19
2020-04-08 12,16.01
2020-04-08 13,18.4
2020-04-08 14,17.51
2020-04-08 15,19.81
2020-04-08 16,23.26
2020-04-08 17,26.01
2020-04-08 18,27.55
2020-04-08 19,23.24
2020-04-08 20,14.87
2020-04-08 21,7.2
2020-04-08 22,3.69
2020-04-08 23,1.73
2020-04-09 00,1.45
2020-04-09 01,0.63
2020-04-09 02,0.48
2020-04-09 03,0.43
2020-04-09 04,0.38
2020-04-09 05,0.87
2020-04-09 06,3.17
2020-04-09 07,10.63
2020-04-09 08,13.76
2020-04-09 09,11.61
2020-04-09 10,11.64
2020-04-09 11,15.21
2020-04-09 12,18.21
2020-04-09 13,24.23
2020-04-09 14,23.87
2020-04-09 15,23.27
2020-04-09 16,34.02
2020-04-09 17,33.02
2020-04-09 18,31.71
2020-04-09 19,26.51
2020-04-09 20,16.31
2020-04-09 21,8.2
2020-04-09 22,4.32
2020-04-09 23,2.43
2020-04-10 00,1.38
2020-04-10 01,0.73
2020-04-10 02,0.63
2020-04-10 03,0.33
2020-04-10 04,0.3
2020-04-10 05,0.51
2020-04-10 06,1.74
2020-04-10 07,4.48
2020-04-10 08,8.3
2020-04-10 09,10.92
2020-04-10 10,17.37
2020-04-10 11,25.82
2020-04-10 12,31.54
2020-04-10 13,38.02
2020-04-10 14,43.15
2020-04-10 15,48.26
2020-04-10 16,48.5
2020-04-10 17,44.57
2020-04-10 18,37.71
2020-04-10 19,27.65
2020-04-10 20,16.07
2020-04-10 21,7.4
2020-04-10 22,4.18
2020-04-10 23,2.48
2020-04-11 00,1.43
2020-04-11 01,0.9
2020-04-11 02,0.69
2020-04-11 03,0.54
2020-04-11 04,0.4
2020-04-11 05,0.55
2020-04-11 06,1.6
2020-04-11 07,5.12
2020-04-11 08,9.69
2020-04-11 09,15.19
2020-04-11 10,21.33
2020-04-11 11,30.48
2020-04-11 12,39.48
2020-04-11 13,46.49
2020-04-11 14,52.9
2020-04-11 15,54.11
2020-04-11 16,53.19
2020-04-11 17,48.86
2020-04-11 18,39.43
2020-04-11 19,29.56
2020-04-11 20,18.86
2020-04-11 21,9.36
2020-04-11 22,5.15
2020-04-11 23,3.81
2020-04-12 00,2.2
2020-04-12 01,1.6
2020-04-12 02,1.02
2020-04-12 03,0.63
2020-04-12 04,0.35
2020-04-12 05,0.51
2020-04-12 06,1.48
2020-04-12 07,4.01
2020-04-12 08,7.54
2020-04-12 09,12.83
2020-04-12 10,21.24
2020-04-12 11,30.29
2020-04-12 12,38.43
2020-04-12 13,44.76
2020-04-12 14,49.19
2020-04-12 15,50.42
2020-04-12 16,43.42
2020-04-12 17,40.6
2020-04-12 18,33.63
2020-04-12 19,28.79
2020-04-12 20,18.81
2020-04-12 21,10.08
2020-04-12 22,6.32
2020-04-12 23,3.67
2020-04-13 00,2.17
2020-04-13 01,1.29
2020-04-13 02,0.62
2020-04-13 03,0.3
2020-04-13 04,0.27
2020-04-13 05,0.4
2020-04-13 06,1.27
2020-04-13 07,3.7
2020-04-13 08,5.45
2020-04-13 09,7.81
2020-04-13 10,10.1
2020-04-13 11,14.87
2020-04-13 12,21.74
2020-04-13 13,27.23
2020-04-13 14,31.55
2020-04-13 15,36.88
2020-04-13 16,37.08
2020-04-13 17,34.7
2020-04-13 18,28.17
2020-04-13 19,19.04
2020-04-13 20,11.21
2020-04-13 21,6.61
2020-04-13 22,2.86
2020-04-13 23,1.81
2020-04-14 00,1.2
2020-04-14 01,0.55
2020-04-14 02,0.45
2020-04-14 03,0.35
2020-04-14 04,0.29
2020-04-14 05,0.7
2020-04-14 06,3.24
2020-04-14 07,11.12
2020-04-14 08,14.61
2020-04-14 09,11.4
2020-04-14 10,11.31
2020-04-14 11,12.76
2020-04-14 12,15.92
2020-04-14 13,19.44
2020-04-14 14,19.89
2020-04-14 15,23.08
2020-04-14 16,25.64
2020-04-14 17,28.9
2020-04-14 18,29.38
2020-04-14 19,24.69
2020-04-14 20,14.57
2020-04-14 21,7.62
2020-04-14 22,3.0
2020-04-14 23,1.73
2020-04-15 00,0.87
2020-04-15 01,0.04
2020-04-15 03,0.35
2020-04-15 04,0.21
2020-04-15 05,0.75
2020-04-15 06,3.1
2020-04-15 07,9.93
2020-04-15 08,13.94
2020-04-15 09,11.05
2020-04-15 10,12.32
2020-04-15 11,13.87
2020-04-15 12,18.12
2020-04-15 13,21.57
2020-04-15 14,22.81
2020-04-15 15,25.87
2020-04-15 16,30.49
2020-04-15 17,34.76
2020-04-15 18,36.73
2020-04-15 19,30.33
2020-04-15 20,17.08
2020-04-15 21,9.35
2020-04-15 22,5.3
2020-04-15 23,2.4
2020-04-16 00,1.43
2020-04-16 01,0.93
2020-04-16 02,0.31
2020-04-16 03,0.21
2020-04-16 04,0.23
2020-04-16 05,0.65
2020-04-16 06,2.87
2020-04-16 07,10.36
2020-04-16 08,15.61
2020-04-16 09,12.88
2020-04-16 10,13.01
2020-04-16 11,15.62
2020-04-16 12,19.67
2020-04-16 13,23.3
2020-04-16 14,24.76
2020-04-16 15,26.26
2020-04-16 16,25.05
2020-04-16 17,25.26
2020-04-16 18,27.01
2020-04-16 19,24.49
2020-04-16 20,17.42
2020-04-16 21,9.6
2020-04-16 22,4.9
2020-04-16 23,2.76
2020-04-17 00,1.32
2020-04-17 01,0.69
2020-04-17 02,0.36
2020-04-17 03,0.23
2020-04-17 04,0.23
2020-04-17 05,0.77
2020-04-17 06,3.19
2020-04-17 07,9.93
2020-04-17 08,15.63
2020-04-17 09,13.63
2020-04-17 10,12.21
2020-04-17 11,14.85
2020-04-17 12,17.08
2020-04-17 13,18.79
2020-04-17 14,16.55
2020-04-17 15,17.74
2020-04-17 16,13.4
2020-04-17 17,15.36
2020-04-17 18,18.13
2020-04-17 19,16.08
2020-04-17 20,11.83
2020-04-17 21,7.11
2020-04-17 22,4.17
2020-04-17 23,2.04
2020-04-18 00,1.45
2020-04-18 01,0.64
2020-04-18 02,0.19
2020-04-18 03,0.21
2020-04-18 04,0.21
2020-04-18 05,0.56
2020-04-18 06,1.37
2020-04-18 07,3.92
2020-04-18 08,6.71
2020-04-18 09,9.49
2020-04-18 10,12.2
2020-04-18 11,16.98
2020-04-18 12,23.0
2020-04-18 13,29.1
2020-04-18 14,34.74
2020-04-18 15,39.38
2020-04-18 16,39.75
2020-04-18 17,38.49
2020-04-18 18,30.45
2020-04-18 19,22.07
2020-04-18 20,13.79
2020-04-18 21,7.58
2020-04-18 22,5.0
2020-04-18 23,3.7
2020-04-19 00,1.86
2020-04-19 01,1.46
2020-04-19 02,0.71
2020-04-19 03,0.6
2020-04-19 04,0.37
2020-04-19 05,0.51
2020-04-19 06,1.12
2020-04-19 07,4.14
2020-04-19 08,7.26
2020-04-19 09,12.64
2020-04-19 10,20.96
2020-04-19 11,33.69
2020-04-19 12,46.81
2020-04-19 13,56.35
2020-04-19 14,62.2
2020-04-19 15,63.63
2020-04-19 16,63.79
2020-04-19 17,59.23
2020-04-19 18,46.93
2020-04-19 19,33.93
2020-04-19 20,18.33
2020-04-19 21,9.27
2020-04-19 22,4.67
2020-04-19 23,2.88
2020-04-20 00,1.57
2020-04-20 01,0.79
2020-04-20 02,0.4
2020-04-20 03,0.32
2020-04-20 04,0.38
2020-04-20 05,0.71
2020-04-20 06,3.14
2020-04-20 07,11.11
2020-04-20 08,15.63
2020-04-20 09,13.8
2020-04-20 10,13.86
2020-04-20 11,15.02
2020-04-20 12,18.27
2020-04-20 13,22.4
2020-04-20 14,22.13
2020-04-20 15,26.21
2020-04-20 16,29.35
2020-04-20 17,31.83
2020-04-20 18,31.99
2020-04-20 19,26.36
2020-04-20 20,16.2
2020-04-20 21,8.87
2020-04-20 22,5.07
2020-04-20 23,2.99
2020-04-21 00,1.45
2020-04-21 01,0.68
2020-04-21 02,0.33
2020-04-21 03,0.32
2020-04-21 04,0.36
2020-04-21 05,0.68
2020-04-21 06,3.49
2020-04-21 07,11.86
2020-04-21 08,14.83
2020-04-21 09,12.38
2020-04-21 10,12.5
2020-04-21 11,15.07
2020-04-21 12,18.46
2020-04-21 13,23.0
2020-04-21 14,24.12
2020-04-21 15,26.63
2020-04-21 16,29.18
2020-04-21 17,34.04
2020-04-21 18,35.69
2020-04-21 19,29.82
2020-04-21 20,19.7
2020-04-21 21,10.12
2020-04-21 22,5.44
2020-04-21 23,3.02
2020-04-22 00,1.31
2020-04-22 01,0.6
2020-04-22 02,0.69
2020-04-22 03,0.35
2020-04-22 04,0.48
2020-04-22 05,0.76
2020-04-22 06,3.65
2020-04-22 07,12.35
2020-04-22 08,16.35
2020-04-22 09,13.49
2020-04-22 10,12.51
2020-04-22 11,14.43
2020-04-22 12,21.5
2020-04-22 13,25.02
2020-04-22 14,24.9
2020-04-22 15,29.44
2020-04-22 16,34.04
2020-04-22 17,37.13
2020-04-22 18,40.25
2020-04-22 19,34.08
2020-04-22 20,23.07
2020-04-22 21,12.45
2020-04-22 22,6.65
2020-04-22 23,3.18
2020-04-23 00,2.2
2020-04-23 01,0.71
2020-04-23 02,0.45
2020-04-23 03,0.46
2020-04-23 04,0.48
2020-04-23 05,0.79
2020-04-23 06,3.85
2020-04-23 07,12.49
2020-04-23 08,17.13
2020-04-23 09,14.33
2020-04-23 10,14.31
2020-04-23 11,15.71
2020-04-23 12,22.67
2020-04-23 13,28.69
2020-04-23 14,27.9
2020-04-23 15,31.07
2020-04-23 16,36.23
2020-04-23 17,40.58
2020-04-23 18,43.14
2020-04-23 19,35.61
2020-04-23 20,25.55
2020-04-23 21,11.77
2020-04-23 22,6.68
2020-04-23 23,3.43
2020-04-24 00,1.94
2020-04-24 01,1.42
2020-04-24 02,0.62
2020-04-24 03,0.52
2020-04-24 04,0.62
2020-04-24 05,0.98
2020-04-24 06,3.37
2020-04-24 07,11.5
2020-04-24 08,15.74
2020-04-24 09,13.61
2020-04-24 10,14.43
2020-04-24 11,7.3
2020-04-24 12,0.0
2020-04-24 13,0.0
2020-04-24 14,0.0
2020-04-24 15,0.0
2020-04-24 16,0.0
2020-04-24 17,0.0
2020-04-24 18,0.0
2020-04-24 19,0.0
2020-04-24 20,0.0
2020-04-24 21,0.0
2020-04-24 22,0.0
2020-04-24 23,0.0
2020-04-25 00,0.0
2020-04-25 01,0.0
2020-04-25 02,0.0
2020-04-25 03,0.0
2020-04-25 04,0.0
2020-04-25 05,0.0
2020-04-25 06,0.0
2020-04-25 07,0.0
2020-04-25 08,0.0
2020-04-25 09,0.0
2020-04-25 10,0.0
2020-04-25 11,0.0
2020-04-25 12,0.0
2020-04-25 13,0.0
2020-04-25 14,0.0
2020-04-25 15,0.0
2020-04-25 16,87.71
2020-04-25 17,59.0
2020-04-25 18,50.06
2020-04-25 19,38.63
2020-04-25 20,22.42
2020-04-25 21,11.12
2020-04-25 22,6.46
2020-04-25 23,4.81
2020-04-26 00,3.7
2020-04-26 01,2.48
2020-04-26 02,1.12
2020-04-26 03,0.77
2020-04-26 04,0.45
2020-04-26 05,0.71
2020-04-26 06,1.29
2020-04-26 07,4.99
2020-04-26 08,8.51
2020-04-26 09,14.79
2020-04-26 10,26.38
2020-04-26 11,38.79
2020-04-26 12,52.13
2020-04-26 13,61.76
2020-04-26 14,10.18
2020-04-26 15,0.0
2020-04-26 16,0.0
2020-04-26 17,0.0
2020-04-26 18,47.6
2020-04-26 19,20.94
2020-04-26 20,24.77
2020-04-26 21,26.43
2020-04-26 22,28.65
2020-04-26 23,15.71
2020-04-27 00,4.04
2020-04-27 01,1.52
2020-04-27 02,0.6
2020-04-27 03,0.54
2020-04-27 04,0.43
2020-04-27 05,11.4
2020-04-27 06,3.82
2020-04-27 07,12.56
2020-04-27 08,14.36
2020-04-27 09,12.81
2020-04-27 10,12.18
2020-04-27 11,13.26
2020-04-27 12,17.51
2020-04-27 13,19.01
2020-04-27 14,19.26
2020-04-27 15,21.9
2020-04-27 16,25.68
2020-04-27 17,31.33
2020-04-27 18,33.32
2020-04-27 19,28.79
2020-04-27 20,17.77
2020-04-27 21,8.96
2020-04-27 22,5.79
2020-04-27 23,3.98
2020-04-28 00,2.21
2020-04-28 01,1.36
2020-04-28 02,0.57
2020-04-28 03,0.37
2020-04-28 04,0.23
2020-04-28 05,0.76
2020-04-28 06,2.11
2020-04-28 07,6.87
2020-04-28 08,9.8
2020-04-28 09,6.92
2020-04-28 10,3.08
2020-04-28 11,2.69
2020-04-28 12,5.56
2020-04-28 13,8.51
2020-04-28 14,7.63
2020-04-28 15,7.75
2020-04-28 16,6.8
2020-04-28 17,9.95
2020-04-28 18,10.88
2020-04-28 19,7.69
2020-04-28 20,4.48
2020-04-28 21,3.02
2020-04-28 22,1.86
2020-04-28 23,1.27
2020-04-29 00,1.17
2020-04-29 01,0.55
2020-04-29 02,0.18
2020-04-29 03,0.23
2020-04-29 04,0.26
2020-04-29 05,0.75
2020-04-29 06,3.05
2020-04-29 07,10.31
2020-04-29 08,14.12
2020-04-29 09,12.96
2020-04-29 10,12.98
2020-04-29 11,14.56
2020-04-29 12,15.95
2020-04-29 13,13.17
2020-04-29 14,9.98
2020-04-29 15,10.88
2020-04-29 16,15.17
2020-04-29 17,19.43
2020-04-29 18,24.77
2020-04-29 19,22.74
2020-04-29 20,14.32
2020-04-29 21,7.55
2020-04-29 22,4.98
2020-04-29 23,3.65
2020-04-30 00,1.31
2020-04-30 01,0.5
2020-04-30 02,0.23
2020-04-30 03,0.33
2020-04-30 04,0.36
2020-04-30 05,0.86
2020-04-30 06,3.63
2020-04-30 07,10.71
2020-04-30 08,14.65
2020-04-30 09,12.52
2020-04-30 10,13.17
2020-04-30 11,13.7
2020-04-30 12,14.85
2020-04-30 13,13.88
2020-04-30 14,11.0
2020-04-30 15,5.96
2020-04-30 16,10.05
2020-04-30 17,9.61
2020-04-30 18,12.92
2020-04-30 19,15.33
2020-04-30 20,11.6
2020-04-30 21,7.13
2020-04-30 22,4.3
2020-04-30 23,2.48
2020-05-01 00,1.38
2020-05-01 01,0.98
2020-05-01 02,0.62
2020-05-01 03,0.33
2020-05-01 04,0.39
2020-05-01 05,0.58
2020-05-01 06,2.82
2020-05-01 07,10.42
2020-05-01 08,13.9
2020-05-01 09,12.43
2020-05-01 10,12.81
2020-05-01 11,15.94
2020-05-01 12,15.3
2020-05-01 13,16.5
2020-05-01 14,19.86
2020-05-01 15,19.62
2020-05-01 16,23.82
2020-05-01 17,25.55
2020-05-01 18,25.3
2020-05-01 19,21.3
2020-05-01 20,16.74
2020-05-01 21,10.31
2020-05-01 22,6.07
2020-05-01 23,4.27
2020-05-02 00,3.18
2020-05-02 01,2.18
2020-05-02 02,1.27
2020-05-02 03,0.8
2020-05-02 04,0.52
2020-05-02 05,0.77
2020-05-02 06,1.88
2020-05-02 07,5.11
2020-05-02 08,9.69
2020-05-02 09,15.96
2020-05-02 10,23.55
2020-05-02 11,33.85
2020-05-02 12,45.05
2020-05-02 13,53.04
2020-05-02 14,56.35
2020-05-02 15,60.71
2020-05-02 16,7.58
2020-05-02 17,0.0
2020-05-02 18,29.13
2020-05-02 19,64.74
2020-05-02 20,23.74
2020-05-02 21,13.65
2020-05-02 22,7.85
2020-05-02 23,6.61
2020-05-03 00,4.0
2020-05-03 01,2.5
2020-05-03 02,1.64
2020-05-03 03,0.82
2020-05-03 04,0.67
2020-05-03 05,4.07
2020-05-03 06,1.04
2020-05-03 07,4.51
2020-05-03 08,7.64
2020-05-03 09,12.15
2020-05-03 10,19.76
2020-05-03 11,27.13
2020-05-03 12,32.76
2020-05-03 13,41.31
2020-05-03 14,43.89
2020-05-03 15,47.61
2020-05-03 16,45.82
2020-05-03 17,41.94
2020-05-03 18,33.02
2020-05-03 19,24.1
2020-05-03 20,15.1
2020-05-03 21,8.86
2020-05-03 22,6.35
2020-05-03 23,4.63
2020-05-04 00,3.6
2020-05-04 01,1.5
2020-05-04 02,0.94
2020-05-04 03,0.4
2020-05-04 04,0.14
2020-05-04 05,0.7
2020-05-04 06,4.31
2020-05-04 07,12.21
2020-05-04 08,14.63
2020-05-04 09,13.77
2020-05-04 10,13.21
2020-05-04 11,14.24
2020-05-04 12,18.77
2020-05-04 13,21.86
2020-05-04 14,22.68
2020-05-04 15,25.5
2020-05-04 16,29.39
2020-05-04 17,30.62
2020-05-04 18,33.56
2020-05-04 19,28.96
2020-05-04 20,19.54
2020-05-04 21,9.63
2020-05-04 22,6.29
2020-05-04 23,3.3
2020-05-05 00,2.21
2020-05-05 01,1.4
2020-05-05 02,0.63
2020-05-05 03,0.44
2020-05-05 04,0.38
2020-05-05 05,0.8
2020-05-05 06,3.79
2020-05-05 07,10.3
2020-05-05 08,13.06
2020-05-05 09,11.5
2020-05-05 10,11.96
2020-05-05 11,14.77
2020-05-05 12,17.87
2020-05-05 13,20.83
2020-05-05 14,21.94
2020-05-05 15,24.43
2020-05-05 16,28.64
2020-05-05 17,34.14
2020-05-05 18,35.32
2020-05-05 19,29.25
2020-05-05 20,20.19
2020-05-05 21,10.21
2020-05-05 22,5.92
2020-05-05 23,4.54
2020-05-06 00,2.3
2020-05-06 01,1.69
2020-05-06 02,0.81
2020-05-06 03,0.3
2020-05-06 04,0.29
2020-05-06 05,0.92
2020-05-06 06,4.08
2020-05-06 07,11.56
2020-05-06 08,16.01
2020-05-06 09,14.8
2020-05-06 10,15.06
2020-05-06 11,17.07
2020-05-06 12,22.18
2020-05-06 13,26.58
2020-05-06 14,29.0
2020-05-06 15,31.06
2020-05-06 16,34.48
2020-05-06 17,38.3
2020-05-06 18,40.33
2020-05-06 19,34.85
2020-05-06 20,23.32
2020-05-06 21,12.63
2020-05-06 22,7.56
2020-05-06 23,4.71
2020-05-07 00,3.21
2020-05-07 01,1.6
2020-05-07 02,0.83
2020-05-07 03,0.61
2020-05-07 04,0.55
2020-05-07 05,1.27
2020-05-07 06,4.04
2020-05-07 07,12.52
2020-05-07 08,17.7
2020-05-07 09,14.08
2020-05-07 10,15.51
2020-05-07 11,20.57
2020-05-07 12,25.87
2020-05-07 13,29.5
2020-05-07 14,31.98
2020-05-07 15,36.31
2020-05-07 16,40.08
2020-05-07 17,41.62
2020-05-07 18,44.0
2020-05-07 19,37.1
2020-05-07 20,28.3
2020-05-07 21,16.65
2020-05-07 22,9.99
2020-05-07 23,7.15
2020-05-08 00,5.0
2020-05-08 01,2.73
2020-05-08 02,1.37
2020-05-08 03,0.92
2020-05-08 04,0.54
2020-05-08 05,1.44
2020-05-08 06,2.42
2020-05-08 07,6.17
2020-05-08 08,11.7
2020-05-08 09,19.15
2020-05-08 10,28.3
2020-05-08 11,39.12
2020-05-08 12,50.88
2020-05-08 13,58.48
2020-05-08 14,60.23
2020-05-08 15,0.0
2020-05-08 16,0.0
2020-05-08 17,0.0
2020-05-08 18,41.52
2020-05-08 19,0.0
2020-05-08 20,34.61
2020-05-08 21,20.89
2020-05-08 22,0.0
2020-05-08 23,26.15
2020-05-09 00,17.8
2020-05-09 01,22.52
2020-05-09 02,3.17
2020-05-09 03,1.04
2020-05-09 04,0.99
2020-05-09 05,13.01
2020-05-09 06,2.5
2020-05-09 07,6.68
2020-05-09 08,12.55
2020-05-09 09,20.43
2020-05-09 10,33.54
2020-05-09 11,47.25
2020-05-09 12,59.94
2020-05-09 13,66.99
2020-05-09 14,7.19
2020-05-09 15,0.0
2020-05-09 16,33.21
2020-05-09 17,0.0
2020-05-09 18,36.54
2020-05-09 19,52.31
2020-05-09 20,40.5
2020-05-09 21,22.76
2020-05-09 22,13.13
2020-05-09 23,9.43
2020-05-10 00,7.76
2020-05-10 01,4.48
2020-05-10 02,2.35
2020-05-10 03,0.94
2020-05-10 04,0.81
2020-05-10 05,4.01
2020-05-10 06,1.77
2020-05-10 07,4.98
2020-05-10 08,8.26
2020-05-10 09,14.45
2020-05-10 10,24.77
2020-05-10 11,34.81
2020-05-10 12,43.19
2020-05-10 13,47.96
2020-05-10 14,44.31
2020-05-10 15,39.11
2020-05-10 16,30.87
2020-05-10 17,23.24
2020-05-10 18,15.26
2020-05-10 19,10.57
2020-05-10 20,8.25
2020-05-10 21,6.35
2020-05-10 22,3.89
2020-05-10 23,2.58
2020-05-11 00,1.67
2020-05-11 01,0.79
2020-05-11 02,0.69
2020-05-11 03,0.21
2020-05-11 04,0.31
2020-05-11 05,0.75
2020-05-11 06,3.82
2020-05-11 07,14.36
2020-05-11 08,15.85
2020-05-11 09,12.79
2020-05-11 10,12.42
2020-05-11 11,11.58
2020-05-11 12,15.01
2020-05-11 13,16.45
2020-05-11 14,16.5
2020-05-11 15,18.61
2020-05-11 16,22.19
2020-05-11 17,25.11
2020-05-11 18,26.04
2020-05-11 19,18.6
2020-05-11 20,14.29
2020-05-11 21,8.56
2020-05-11 22,4.86
2020-05-11 23,3.37
2020-05-12 00,2.58
2020-05-12 01,1.39
2020-05-12 02,0.83
2020-05-12 03,0.32
2020-05-12 04,0.43
2020-05-12 05,0.71
2020-05-12 06,4.3
2020-05-12 07,13.52
2020-05-12 08,17.68
2020-05-12 09,13.49
2020-05-12 10,13.86
2020-05-12 11,16.5
2020-05-12 12,21.1
2020-05-12 13,24.74
2020-05-12 14,23.86
2020-05-12 15,26.45
2020-05-12 16,30.1
2020-05-12 17,33.35
2020-05-12 18,36.46
2020-05-12 19,29.43
2020-05-12 20,19.3
2020-05-12 21,11.36
2020-05-12 22,6.56
2020-05-12 23,3.9
2020-05-13 00,3.7
2020-05-13 01,1.87
2020-05-13 02,0.94
2020-05-13 03,0.58
2020-05-13 04,0.7
2020-05-13 05,0.83
2020-05-13 06,4.29
2020-05-13 07,13.67
2020-05-13 08,16.98
2020-05-13 09,14.25
2020-05-13 10,13.65
2020-05-13 11,13.82
2020-05-13 12,17.13
2020-05-13 13,19.6
2020-05-13 14,19.36
2020-05-13 15,21.77
2020-05-13 16,26.13
2020-05-13 17,30.37
2020-05-13 18,29.99
2020-05-13 19,24.83
2020-05-13 20,17.83
2020-05-13 21,10.96
2020-05-13 22,4.33
2020-05-13 23,3.9
2020-05-14 00,2.58
2020-05-14 01,1.63
2020-05-14 02,1.06
2020-05-14 03,0.46
2020-05-14 04,0.58
2020-05-14 05,0.89
2020-05-14 06,4.02
2020-05-14 07,14.2
2020-05-14 08,18.15
2020-05-14 09,15.14
2020-05-14 10,15.01
2020-05-14 11,16.01
2020-05-14 12,20.37
2020-05-14 13,23.48
2020-05-14 14,21.79
2020-05-14 15,24.31
2020-05-14 16,30.0
2020-05-14 17,33.0
2020-05-14 18,36.15
2020-05-14 19,34.29
2020-05-14 20,24.25
2020-05-14 21,13.71
2020-05-14 22,7.8
2020-05-14 23,4.49
2020-05-15 00,2.27
2020-05-15 01,2.14
2020-05-15 02,1.24
2020-05-15 03,0.58
2020-05-15 04,0.63
2020-05-15 05,1.5
2020-05-15 06,4.42
2020-05-15 07,13.36
2020-05-15 08,19.23
2020-05-15 09,16.64
2020-05-15 10,17.64
2020-05-15 11,20.58
2020-05-15 12,25.42
2020-05-15 13,30.51
2020-05-15 14,33.32
2020-05-15 15,35.19
2020-05-15 16,37.25
2020-05-15 17,42.43
2020-05-15 18,43.8
2020-05-15 19,41.88
2020-05-15 20,33.54
2020-05-15 21,20.31
2020-05-15 22,11.92
2020-05-15 23,8.14
2020-05-16 00,5.98
2020-05-16 01,4.01
2020-05-16 02,1.96
2020-05-16 03,0.99
2020-05-16 04,1.07
2020-05-16 05,1.18
2020-05-16 06,1.89
2020-05-16 07,5.26
2020-05-16 08,10.36
2020-05-16 09,15.32
2020-05-16 10,24.54
2020-05-16 11,35.38
2020-05-16 12,49.71
2020-05-16 13,54.6
2020-05-16 14,56.39
2020-05-16 15,57.63
2020-05-16 16,60.29
2020-05-16 17,59.63
2020-05-16 18,54.8
2020-05-16 19,47.2
2020-05-16 20,33.63
2020-05-16 21,21.85
2020-05-16 22,12.76
2020-05-16 23,9.38
2020-05-17 00,6.85
2020-05-17 01,5.62
2020-05-17 02,2.62
2020-05-17 03,1.71
2020-05-17 04,0.82
2020-05-17 05,1.13
2020-05-17 06,1.96
2020-05-17 07,5.71
2020-05-17 08,9.85
2020-05-17 09,17.3
2020-05-17 10,25.85
2020-05-17 11,42.57
2020-05-17 12,49.44
2020-05-17 13,61.08
2020-05-17 14,59.61
2020-05-17 15,59.74
2020-05-17 16,62.93
2020-05-17 17,65.3
2020-05-17 18,62.65
2020-05-17 19,47.8
2020-05-17 20,34.71
2020-05-17 21,21.57
2020-05-17 22,10.36
2020-05-17 23,7.52
2020-05-18 00,4.83
2020-05-18 01,2.52
2020-05-18 02,1.17
2020-05-18 03,0.77
2020-05-18 04,0.54
2020-05-18 05,1.18
2020-05-18 06,4.58
2020-05-18 07,16.68
2020-05-18 08,21.21
2020-05-18 09,19.94
2020-05-18 10,19.57
2020-05-18 11,21.87
2020-05-18 12,29.29
2020-05-18 13,34.18
2020-05-18 14,31.62
2020-05-18 15,34.95
2020-05-18 16,43.01
2020-05-18 17,48.71
2020-05-18 18,49.99
2020-05-18 19,43.14
2020-05-18 20,34.18
2020-05-18 21,22.92
2020-05-18 22,11.8
2020-05-18 23,7.42
2020-05-19 00,4.08
2020-05-19 01,2.94
2020-05-19 02,1.43
2020-05-19 03,0.79
2020-05-19 04,0.74
2020-05-19 05,0.95
2020-05-19 06,5.77
2020-05-19 07,18.11
2020-05-19 08,22.71
2020-05-19 09,19.07
2020-05-19 10,19.87
2020-05-19 11,22.44
2020-05-19 12,30.15
2020-05-19 13,36.29
2020-05-19 14,35.65
2020-05-19 15,38.85
2020-05-19 16,46.08
2020-05-19 17,52.77
2020-05-19 18,54.14
2020-05-19 19,50.93
2020-05-19 20,44.29
2020-05-19 21,32.61
2020-05-19 22,15.73
2020-05-19 23,9.1
2020-05-20 00,6.37
2020-05-20 01,3.58
2020-05-20 02,1.25
2020-05-20 03,0.82
2020-05-20 04,0.7
2020-05-20 05,1.44
2020-05-20 06,6.5
2020-05-20 07,19.32
2020-05-20 08,23.92
2020-05-20 09,22.3
2020-05-20 10,22.93
2020-05-20 11,26.77
2020-05-20 12,33.57
2020-05-20 13,40.81
2020-05-20 14,39.06
2020-05-20 15,41.56
2020-05-20 16,50.14
2020-05-20 17,56.79
2020-05-20 18,59.75
2020-05-20 19,52.63
2020-05-20 20,50.86
2020-05-20 21,40.46
2020-05-20 22,22.81
2020-05-20 23,13.64
2020-05-21 00,8.01
2020-05-21 01,4.74
2020-05-21 02,2.42
2020-05-21 03,1.35
2020-05-21 04,0.98
2020-05-21 05,1.65
2020-05-21 06,6.14
2020-05-21 07,19.12
2020-05-21 08,23.61
2020-05-21 09,21.81
2020-05-21 10,21.54
2020-05-21 11,23.88
2020-05-21 12,29.01
2020-05-21 13,35.64
2020-05-21 14,32.61
2020-05-21 15,37.87
2020-05-21 16,44.8
2020-05-21 17,50.4
2020-05-21 18,52.81
2020-05-21 19,46.6
2020-05-21 20,45.94
2020-05-21 21,32.57
2020-05-21 22,18.76
2020-05-21 23,12.23
2020-05-22 00,7.57
2020-05-22 01,5.23
2020-05-22 02,2.14
2020-05-22 03,1.51
2020-05-22 04,0.86
2020-05-22 05,2.01
2020-05-22 06,5.19
2020-05-22 07,16.3
2020-05-22 08,21.23
2020-05-22 09,19.19
2020-05-22 10,21.1
2020-05-22 11,25.23
2020-05-22 12,32.89
2020-05-22 13,38.05
2020-05-22 14,39.31
2020-05-22 15,45.04
2020-05-22 16,48.12
2020-05-22 17,53.67
2020-05-22 18,51.99
2020-05-22 19,46.8
2020-05-22 20,37.52
2020-05-22 21,26.63
2020-05-22 22,17.4
2020-05-22 23,11.49
2020-05-23 00,7.98
2020-05-23 01,5.0
2020-05-23 02,3.07
2020-05-23 03,1.68
2020-05-23 04,1.13
2020-05-23 05,1.39
2020-05-23 06,2.77
2020-05-23 07,7.6
2020-05-23 08,14.63
2020-05-23 09,19.44
2020-05-23 10,27.87
2020-05-23 11,36.67
2020-05-23 12,44.57
2020-05-23 13,48.7
2020-05-23 14,42.31
2020-05-23 15,55.35
2020-05-23 16,53.68
2020-05-23 17,54.73
2020-05-23 18,51.29
2020-05-23 19,43.23
2020-05-23 20,33.81
2020-05-23 21,21.39
2020-05-23 22,11.37
2020-05-23 23,7.73
2020-05-24 00,6.02
2020-05-24 01,3.67
2020-05-24 02,3.08
2020-05-24 03,1.71
2020-05-24 04,0.95
2020-05-24 05,1.1
2020-05-24 06,2.08
2020-05-24 07,4.67
2020-05-24 08,8.81
2020-05-24 09,16.45
2020-05-24 10,24.36
2020-05-24 11,38.98
2020-05-24 12,52.7
2020-05-24 13,62.74
2020-05-24 14,64.62
2020-05-24 15,60.23
2020-05-24 16,60.08
2020-05-24 17,66.44
2020-05-24 18,60.79
2020-05-24 19,54.87
2020-05-24 20,44.56
2020-05-24 21,34.26
2020-05-24 22,23.17
2020-05-24 23,13.21
2020-05-25 00,8.1
2020-05-25 01,5.57
2020-05-25 02,2.88
2020-05-25 03,1.6
2020-05-25 04,1.08
2020-05-25 05,1.56
2020-05-25 06,2.8
2020-05-25 07,8.52
2020-05-25 08,14.1
2020-05-25 09,22.24
2020-05-25 10,35.69
2020-05-25 11,51.21
2020-05-25 12,65.49
2020-05-25 13,67.07
2020-05-25 14,57.39
2020-05-25 15,53.48
2020-05-25 16,59.89
2020-05-25 17,67.4
2020-05-25 18,67.63
2020-05-25 19,60.92
2020-05-25 20,53.86
2020-05-25 21,42.05
2020-05-25 22,25.06
2020-05-25 23,14.8
2020-05-26 00,7.92
2020-05-26 01,3.31
2020-05-26 02,2.42
2020-05-26 03,1.48
2020-05-26 04,0.93
2020-05-26 05,1.52
2020-05-26 06,6.45
2020-05-26 07,19.23
2020-05-26 08,25.31
2020-05-26 09,24.43
2020-05-26 10,24.02
2020-05-26 11,26.11
2020-05-26 12,34.65
2020-05-26 13,38.0
2020-05-26 14,38.1
2020-05-26 15,41.73
2020-05-26 16,48.69
2020-05-26 17,53.12
2020-05-26 18,53.42
2020-05-26 19,47.39
2020-05-26 20,41.82
2020-05-26 21,32.98
2020-05-26 22,21.62
2020-05-26 23,11.93
2020-05-27 00,6.37
2020-05-27 01,3.13
2020-05-27 02,2.25
2020-05-27 03,1.27
2020-05-27 04,0.88
2020-05-27 05,1.76
2020-05-27 06,6.75
2020-05-27 07,20.39
2020-05-27 08,26.0
2020-05-27 09,24.07
2020-05-27 10,22.96
2020-05-27 11,26.45
2020-05-27 12,34.14
2020-05-27 13,33.43
2020-05-27 14,38.48
2020-05-27 15,42.06
2020-05-27 16,46.31
2020-05-27 17,52.08
2020-05-27 18,55.31
2020-05-27 19,50.31
2020-05-27 20,43.07
2020-05-27 21,34.64
2020-05-27 22,19.19
2020-05-27 23,11.14
2020-05-28 00,5.74
2020-05-28 01,2.45
2020-05-28 02,2.23
2020-05-28 03,0.99
2020-05-28 04,0.54
2020-05-28 05,1.63
2020-05-28 06,6.61
2020-05-28 07,20.81
2020-05-28 08,25.24
2020-05-28 09,23.64
2020-05-28 10,22.96
2020-05-28 11,25.33
2020-05-28 12,34.45
2020-05-28 13,37.05
2020-05-28 14,38.12
2020-05-28 15,42.05
2020-05-28 16,51.44
2020-05-28 17,54.52
2020-05-28 18,53.48
2020-05-28 19,53.35
2020-05-28 20,46.79
2020-05-28 21,36.2
2020-05-28 22,20.61
2020-05-28 23,10.57
2020-05-29 00,5.86
2020-05-29 01,3.24
2020-05-29 02,1.88
2020-05-29 03,1.01
2020-05-29 04,0.99
2020-05-29 05,2.1
2020-05-29 06,6.69
2020-05-29 07,19.15
2020-05-29 08,24.99
2020-05-29 09,24.92
2020-05-29 10,24.98
2020-05-29 11,30.04
2020-05-29 12,35.0
2020-05-29 13,40.35
2020-05-29 14,44.3
2020-05-29 15,45.75
2020-05-29 16,51.68
2020-05-29 17,58.38
2020-05-29 18,62.21
2020-05-29 19,55.73
2020-05-29 20,50.52
2020-05-29 21,40.32
2020-05-29 22,23.67
2020-05-29 23,14.83
2020-05-30 00,10.56
2020-05-30 01,7.18
2020-05-30 02,3.24
2020-05-30 03,2.12
2020-05-30 04,1.4
2020-05-30 05,1.45
2020-05-30 06,3.06
2020-05-30 07,8.1
2020-05-30 08,15.48
2020-05-30 09,23.2
2020-05-30 10,35.5
2020-05-30 11,46.87
2020-05-30 12,60.43
2020-05-30 13,69.58
2020-05-30 14,61.85
2020-05-30 15,54.61
2020-05-30 16,58.87
2020-05-30 17,65.05
2020-05-30 18,67.74
2020-05-30 19,69.62
2020-05-30 20,60.29
2020-05-30 21,49.08
2020-05-30 22,29.23
2020-05-30 23,18.62
2020-05-31 00,4.93
2020-05-31 01,9.14
2020-05-31 02,3.99
2020-05-31 03,2.49
2020-05-31 04,1.54
2020-05-31 05,2.0
2020-05-31 06,2.6
2020-05-31 07,6.89
2020-05-31 08,12.83
2020-05-31 09,20.13
2020-05-31 10,33.26
2020-05-31 11,47.95
2020-05-31 12,63.19
2020-05-31 13,67.51
2020-05-31 14,64.89
2020-05-31 15,59.51
2020-05-31 16,61.4
2020-05-31 17,67.44
2020-05-31 18,64.8
2020-05-31 19,60.19
2020-05-31 20,49.6
2020-05-31 21,32.69
2020-05-31 22,18.3
2020-05-31 23,10.36
2020-06-01 00,5.96
2020-06-01 01,2.8
2020-06-01 02,1.61
2020-06-01 03,0.5
2020-06-01 04,0.75
2020-06-01 05,1.55
2020-06-01 06,6.55
2020-06-01 07,19.98
2020-06-01 08,26.37
2020-06-01 09,24.85
2020-06-01 10,23.5
2020-06-01 11,24.98
2020-06-01 12,30.99
2020-06-01 13,35.37
2020-06-01 14,36.44
2020-06-01 15,40.18
2020-06-01 16,45.54
2020-06-01 17,53.18
2020-06-01 18,55.18
2020-06-01 19,50.9
2020-06-01 20,41.5
2020-06-01 21,32.86
2020-06-01 22,21.57
2020-06-01 23,10.93
2020-06-02 00,6.11
2020-06-02 01,3.7
2020-06-02 02,1.67
2020-06-02 03,1.3
2020-06-02 04,0.81
2020-06-02 05,2.05
2020-06-02 06,7.52
2020-06-02 07,22.13
2020-06-02 08,29.51
2020-06-02 09,26.39
2020-06-02 10,24.95
2020-06-02 11,25.9
2020-06-02 12,33.87
2020-06-02 13,37.19
2020-06-02 14,38.89
2020-06-02 15,44.36
2020-06-02 16,52.5
2020-06-02 17,58.32
2020-06-02 18,59.8
2020-06-02 19,56.49
2020-06-02 20,48.65
2020-06-02 21,44.61
2020-06-02 22,28.62
2020-06-02 23,14.86
2020-06-03 00,7.5
2020-06-03 01,5.71
2020-06-03 02,3.15
2020-06-03 03,1.56
2020-06-03 04,1.05
2020-06-03 05,1.8
2020-06-03 06,7.67
2020-06-03 07,23.42
2020-06-03 08,29.1
2020-06-03 09,25.85
2020-06-03 10,23.0
2020-06-03 11,22.0
2020-06-03 12,32.64
2020-06-03 13,36.21
2020-06-03 14,29.65
2020-06-03 15,31.29
2020-06-03 16,38.52
2020-06-03 17,44.94
2020-06-03 18,44.17
2020-06-03 19,35.9
2020-06-03 20,28.9
2020-06-03 21,19.46
2020-06-03 22,11.49
2020-06-03 23,8.36
2020-06-04 00,4.17
2020-06-04 01,1.67
2020-06-04 02,1.32
2020-06-04 03,0.57
2020-06-04 04,0.82
2020-06-04 05,1.43
2020-06-04 06,6.79
2020-06-04 07,19.36
2020-06-04 08,27.57
2020-06-04 09,26.19
2020-06-04 10,21.57
2020-06-04 11,20.88
2020-06-04 12,25.25
2020-06-04 13,30.86
2020-06-04 14,30.44
2020-06-04 15,34.01
2020-06-04 16,39.52
2020-06-04 17,44.14
2020-06-04 18,44.96
2020-06-04 19,35.32
2020-06-04 20,27.65
2020-06-04 21,21.54
2020-06-04 22,13.85
2020-06-04 23,8.8
2020-06-05 00,3.38
2020-06-05 01,4.4
2020-06-05 02,2.31
2020-06-05 03,1.51
2020-06-05 04,0.9
2020-06-05 05,1.51
2020-06-05 06,6.74
2020-06-05 07,20.5
2020-06-05 08,26.06
2020-06-05 09,22.5
2020-06-05 10,20.0
2020-06-05 11,21.08
2020-06-05 12,26.2
2020-06-05 13,28.81
2020-06-05 14,28.88
2020-06-05 15,32.95
2020-06-05 16,36.2
2020-06-05 17,37.48
2020-06-05 18,42.61
2020-06-05 19,40.89
2020-06-05 20,32.14
2020-06-05 21,25.33
2020-06-05 22,17.57
2020-06-05 23,12.43
2020-06-06 00,8.19
2020-06-06 01,5.69
2020-06-06 02,3.63
2020-06-06 03,1.8
2020-06-06 04,1.61
2020-06-06 05,1.93
2020-06-06 06,3.02
2020-06-06 07,6.92
2020-06-06 08,12.71
2020-06-06 09,19.85
2020-06-06 10,29.87
2020-06-06 11,34.99
2020-06-06 12,44.25
2020-06-06 13,38.83
2020-06-06 14,33.33
2020-06-06 15,42.19
2020-06-06 16,48.33
2020-06-06 17,48.14
2020-06-06 18,24.26
2020-06-06 19,15.18
2020-06-06 20,14.99
2020-06-06 21,13.55
2020-06-06 22,10.68
2020-06-06 23,8.12
2020-06-07 00,5.77
2020-06-07 01,3.77
2020-06-07 02,2.63
2020-06-07 03,1.4
2020-06-07 04,0.87
2020-06-07 05,1.3
2020-06-07 06,2.02
2020-06-07 07,5.46
2020-06-07 08,8.75
2020-06-07 09,15.76
2020-06-07 10,26.69
2020-06-07 11,40.25
2020-06-07 12,51.49
2020-06-07 13,60.86
2020-06-07 14,61.45
2020-06-07 15,53.64
2020-06-07 16,51.43
2020-06-07 17,46.83
2020-06-07 18,36.82
2020-06-07 19,30.01
2020-06-07 20,25.31
2020-06-07 21,18.11
2020-06-07 22,11.54
2020-06-07 23,7.17
2020-06-08 00,4.85
2020-06-08 01,2.64
2020-06-08 02,1.76
2020-06-08 03,0.95
2020-06-08 04,1.04
2020-06-08 05,1.6
2020-06-08 06,6.38
2020-06-08 07,20.32
2020-06-08 08,27.94
2020-06-08 09,25.17
2020-06-08 10,22.76
2020-06-08 11,20.82
2020-06-08 12,27.82
2020-06-08 13,30.49
2020-06-08 14,29.57
2020-06-08 15,32.85
2020-06-08 16,38.44
2020-06-08 17,43.95
2020-06-08 18,44.55
2020-06-08 19,40.06
2020-06-08 20,32.39
2020-06-08 21,24.89
2020-06-08 22,14.95
2020-06-08 23,7.74
2020-06-09 00,5.31
2020-06-09 01,1.5
2020-06-09 02,1.89
2020-06-09 03,0.7
2020-06-09 04,0.64
2020-06-09 05,1.74
2020-06-09 06,7.2
2020-06-09 07,22.73
2020-06-09 08,29.95
2020-06-09 09,26.5
2020-06-09 10,22.67
2020-06-09 11,24.55
2020-06-09 12,30.42
2020-06-09 13,35.77
2020-06-09 14,34.8
2020-06-09 15,39.85
2020-06-09 16,46.25
2020-06-09 17,51.01
2020-06-09 18,52.58
2020-06-09 19,47.14
2020-06-09 20,38.24
2020-06-09 21,30.07
2020-06-09 22,20.14
2020-06-09 23,11.63
2020-06-10 00,3.58
2020-06-10 01,4.44
2020-06-10 02,2.01
2020-06-10 03,1.36
2020-06-10 04,1.05
2020-06-10 05,1.95
2020-06-10 06,7.32
2020-06-10 07,21.83
2020-06-10 08,26.86
2020-06-10 09,24.43
2020-06-10 10,19.25
2020-06-10 11,16.74
2020-06-10 12,21.01
2020-06-10 13,21.33
2020-06-10 14,15.5
2020-06-10 15,15.82
2020-06-10 16,21.38
2020-06-10 17,26.46
2020-06-10 18,31.23
2020-06-10 19,23.25
2020-06-10 20,16.63
2020-06-10 21,12.24
2020-06-10 22,7.85
2020-06-10 23,5.56
2020-06-11 00,4.35
2020-06-11 01,2.23
2020-06-11 02,1.05
2020-06-11 03,0.92
2020-06-11 04,0.75
2020-06-11 05,1.7
2020-06-11 06,6.55
2020-06-11 07,21.37
2020-06-11 08,27.33
2020-06-11 09,25.21
2020-06-11 10,18.26
2020-06-11 11,13.14
2020-06-11 12,18.36
2020-06-11 13,21.71
2020-06-11 14,22.11
2020-06-11 15,28.17
2020-06-11 16,34.39
2020-06-11 17,40.83
2020-06-11 18,44.61
2020-06-11 19,38.36
2020-06-11 20,28.63
2020-06-11 21,23.31
2020-06-11 22,14.31
2020-06-11 23,10.4
2020-06-12 00,5.67
2020-06-12 01,3.35
2020-06-12 02,1.94
2020-06-12 03,1.39
2020-06-12 04,1.51
2020-06-12 05,2.05
2020-06-12 06,6.73
2020-06-12 07,20.87
2020-06-12 08,27.74
2020-06-12 09,24.85
2020-06-12 10,21.75
2020-06-12 11,24.56
2020-06-12 12,27.83
2020-06-12 13,31.6
2020-06-12 14,25.77
2020-06-12 15,27.19
2020-06-12 16,28.88
2020-06-12 17,36.6
2020-06-12 18,40.25
2020-06-12 19,35.2
2020-06-12 20,27.48
2020-06-12 21,22.61
2020-06-12 22,16.01
2020-06-12 23,12.58
2020-06-13 00,7.96
2020-06-13 01,6.62
2020-06-13 02,3.49
2020-06-13 03,3.0
2020-06-13 04,1.75
2020-06-13 05,1.85
2020-06-13 06,3.98
2020-06-13 07,7.6
2020-06-13 08,13.9
2020-06-13 09,23.51
2020-06-13 10,34.58
2020-06-13 11,45.24
2020-06-13 12,59.32
2020-06-13 13,66.82
2020-06-13 14,65.2
2020-06-13 15,62.39
2020-06-13 16,61.39
2020-06-13 17,63.9
2020-06-13 18,67.68
2020-06-13 19,62.96
2020-06-13 20,47.4
2020-06-13 21,37.23
2020-06-13 22,24.95
2020-06-13 23,19.99
2020-06-14 00,13.12
2020-06-14 01,9.75
2020-06-14 02,4.58
2020-06-14 03,4.17
2020-06-14 04,1.95
2020-06-14 05,2.17
2020-06-14 06,2.6
2020-06-14 07,5.43
2020-06-14 08,10.92
2020-06-14 09,18.56
2020-06-14 10,29.1
2020-06-14 11,42.04
2020-06-14 12,52.86
2020-06-14 13,63.31
2020-06-14 14,63.81
2020-06-14 15,59.83
2020-06-14 16,60.58
2020-06-14 17,61.8
2020-06-14 18,60.77
2020-06-14 19,54.93
2020-06-14 20,46.01
2020-06-14 21,32.9
2020-06-14 22,23.58
2020-06-14 23,14.45
2020-06-15 00,8.05
2020-06-15 01,2.27
2020-06-15 02,1.5
2020-06-15 03,1.77
2020-06-15 04,1.18
2020-06-15 05,2.86
2020-06-15 06,7.82
2020-06-15 07,23.39
2020-06-15 08,31.02
2020-06-15 09,31.5
2020-06-15 10,26.73
2020-06-15 11,26.33
2020-06-15 12,35.24
2020-06-15 13,41.12
2020-06-15 14,41.36
2020-06-15 15,42.27
2020-06-15 16,46.19
2020-06-15 17,53.23
2020-06-15 18,54.01
2020-06-15 19,43.45
2020-06-15 20,34.89
2020-06-15 21,30.44
2020-06-15 22,20.82
2020-06-15 23,11.75
2020-06-16 00,7.56
2020-06-16 01,4.57
2020-06-16 02,1.99
2020-06-16 03,1.42
2020-06-16 04,1.12
2020-06-16 05,2.38
2020-06-16 06,8.37
2020-06-16 07,25.24
2020-06-16 08,33.13
2020-06-16 09,30.35
2020-06-16 10,26.54
2020-06-16 11,27.46
2020-06-16 12,31.79
2020-06-16 13,30.92
2020-06-16 14,31.8
2020-06-16 15,38.39
2020-06-16 16,45.61
2020-06-16 17,50.4
2020-06-16 18,52.83
2020-06-16 19,48.21
2020-06-16 20,40.5
2020-06-16 21,34.7
2020-06-16 22,21.85
2020-06-16 23,13.27
2020-06-17 00,7.15
2020-06-17 01,4.52
2020-06-17 02,2.48
2020-06-17 03,1.37
2020-06-17 04,1.31
2020-06-17 05,2.27
2020-06-17 06,8.12
2020-06-17 07,24.82
2020-06-17 08,31.63
2020-06-17 09,28.2
2020-06-17 10,26.04
2020-06-17 11,24.87
2020-06-17 12,28.58
2020-06-17 13,21.4
2020-06-17 14,16.98
2020-06-17 15,27.64
2020-06-17 16,36.56
2020-06-17 17,43.89
2020-06-17 18,49.2
2020-06-17 19,40.62
2020-06-17 20,24.13
2020-06-17 21,15.42
2020-06-17 22,11.4
2020-06-17 23,7.07
2020-06-18 00,2.37
2020-06-18 01,1.57
2020-06-18 02,0.98
2020-06-18 03,0.61
2020-06-18 04,0.46
2020-06-18 05,0.75
2020-06-18 06,3.23
2020-06-18 07,12.65
2020-06-18 08,21.44
2020-06-18 09,21.01
2020-06-18 10,17.11
2020-06-18 11,14.51
2020-06-18 12,14.43
2020-06-18 13,15.44
2020-06-18 14,16.51
2020-06-18 15,25.13
2020-06-18 16,35.9
2020-06-18 17,43.42
2020-06-18 18,49.13
2020-06-18 19,44.52
2020-06-18 20,37.23
2020-06-18 21,30.33
2020-06-18 22,20.95
2020-06-18 23,14.31
2020-06-19 00,5.18
2020-06-19 01,5.68
2020-06-19 02,3.26
2020-06-19 03,1.52
2020-06-19 04,0.92
2020-06-19 05,1.92
2020-06-19 06,6.8
2020-06-19 07,20.65
2020-06-19 08,27.87
2020-06-19 09,26.54
2020-06-19 10,24.08
2020-06-19 11,24.5
2020-06-19 12,31.04
2020-06-19 13,34.73
2020-06-19 14,35.46
2020-06-19 15,39.82
2020-06-19 16,45.73
2020-06-19 17,50.62
2020-06-19 18,52.29
2020-06-19 19,46.38
2020-06-19 20,37.75
2020-06-19 21,27.05
2020-06-19 22,20.92
2020-06-19 23,15.49
2020-06-20 00,11.79
2020-06-20 01,7.68
2020-06-20 02,4.63
2020-06-20 03,3.18
2020-06-20 04,1.19
2020-06-20 05,3.0
2020-06-20 06,3.87
2020-06-20 07,8.58
2020-06-20 08,15.06
2020-06-20 09,23.98
2020-06-20 10,34.61
2020-06-20 11,41.86
2020-06-20 12,55.02
2020-06-20 13,61.29
2020-06-20 14,65.2
2020-06-20 15,59.75
2020-06-20 16,58.8
2020-06-20 17,63.49
2020-06-20 18,63.31
2020-06-20 19,63.81
2020-06-20 20,56.82
2020-06-20 21,45.92
2020-06-20 22,35.13
2020-06-20 23,24.62
2020-06-21 00,17.5
2020-06-21 01,11.6
2020-06-21 02,8.11
2020-06-21 03,4.24
2020-06-21 04,2.93
2020-06-21 05,2.14
2020-06-21 06,2.23
2020-06-21 07,3.69
2020-06-21 08,7.69
2020-06-21 09,11.26
2020-06-21 10,20.49
2020-06-21 11,32.26
2020-06-21 12,40.99
2020-06-21 13,53.1
2020-06-21 14,56.39
2020-06-21 15,58.55
2020-06-21 16,57.99
2020-06-21 17,60.21
2020-06-21 18,56.29
2020-06-21 19,44.36
2020-06-21 20,35.51
2020-06-21 21,28.31
2020-06-21 22,19.27
2020-06-21 23,11.93
2020-06-22 00,6.48
2020-06-22 01,3.75
2020-06-22 02,2.19
2020-06-22 03,2.0
2020-06-22 04,1.26
2020-06-22 05,2.15
2020-06-22 06,7.25
2020-06-22 07,24.17
2020-06-22 08,32.56
2020-06-22 09,30.94
2020-06-22 10,28.51
2020-06-22 11,27.87
2020-06-22 12,33.81
2020-06-22 13,38.56
2020-06-22 14,38.76
2020-06-22 15,44.07
2020-06-22 16,49.67
2020-06-22 17,54.99
2020-06-22 18,56.64
2020-06-22 19,52.07
2020-06-22 20,45.73
2020-06-22 21,35.69
2020-06-22 22,25.19
2020-06-22 23,13.52
2020-06-23 00,7.56
2020-06-23 01,1.96
2020-06-23 02,0.57
2020-06-23 03,1.55
2020-06-23 04,1.43
2020-06-23 05,3.12
2020-06-23 06,8.17
2020-06-23 07,26.06
2020-06-23 08,34.71
2020-06-23 09,34.55
2020-06-23 10,27.8
2020-06-23 11,27.86
2020-06-23 12,34.56
2020-06-23 13,41.55
2020-06-23 14,40.9
2020-06-23 15,44.45
2020-06-23 16,51.94
2020-06-23 17,60.07
2020-06-23 18,63.81
2020-06-23 19,55.57
2020-06-23 20,48.37
2020-06-23 21,43.45
2020-06-23 22,32.99
2020-06-23 23,19.74
2020-06-24 00,8.52
2020-06-24 01,6.63
2020-06-24 02,2.4
2020-06-24 03,2.19
2020-06-24 04,1.5
2020-06-24 05,2.19
2020-06-24 06,8.62
2020-06-24 07,27.76
2020-06-24 08,36.71
2020-06-24 09,33.12
2020-06-24 10,29.21
2020-06-24 11,28.82
2020-06-24 12,36.54
2020-06-24 13,40.95
2020-06-24 14,40.44
2020-06-24 15,45.3
2020-06-24 16,50.44
2020-06-24 17,62.62
2020-06-24 18,66.7
2020-06-24 19,59.52
2020-06-24 20,53.29
2020-06-24 21,48.92
2020-06-24 22,41.0
2020-06-24 23,23.55
